ID,Form,IPA,Language_ID
0,Abisinia,abisinia,0
1,Aearana,aearana,0
2,Aferika,aferika,0
3,Afrika,afrika,0
4,Ahia,ahia,0
5,Ahia,ahia,0
6,AhiaMaina,ahiamaina,0
7,AhiaMinoa,ahiaminoa,0
8,Ahiria,ahiria,0
9,Aiarana,aiarana,0
10,Aiherana,aiherana,0
11,Airana,airana,0
12,Airanga,airaŋa,0
13,Airangi,airaŋi,0
14,Aka,aka,0
15,Akarana,akarana,0
16,Amara,amara,0
17,Amatarama,amatarama,0
18,Amenia,amenia,0
19,Amerika,amerika,0
20,Aminia,aminia,0
21,Amoi,amoi,0
22,Anatioka,anatioka,0
23,Anekerahi,anekerahi,0
24,Aparata,aparata,0
25,Aparika,aparika,0
26,ArakoaPei,arakoapei,0
27,Arapia,arapia,0
28,Ararata,ararata,0
29,Arareiri,arareiri,0
30,Arehanara,arehanara,0
31,Areka,areka,0
32,Arekahanaria,arekahanaria,0
33,Arekatera,arekatera,0
34,Arekateri,arekateri,0
35,Arena,arena,0
36,Arepia,arepia,0
37,Arikehanara,arikehanara,0
38,Aripa,aripa,0
39,Armenia,armenia,0
40,Atareia,atareia,0
41,Atareira,atareira,0
42,Atareiria,atareiria,0
43,Atareita,atareita,0
44,Atareria,atareria,0
45,Ataria,ataria,0
46,Atariria,atariria,0
47,Atena,atena,0
48,Atene,atene,0
49,Atereira,atereira,0
50,Atereria,atereria,0
51,Atini,atini,0
52,Atiraira,atiraira,0
53,Atiraire,atiraire,0
54,Atiraki,atiraki,0
55,Atireira,atireira,0
56,Atireiria,atireiria,0
57,Atireita,atireita,0
58,Atirera,atirera,0
59,Atiria,atiria,0
60,Aura,aura,0
61,Autereria,autereria,0
62,Autiria,autiria,0
63,AutunO,autuno,0
64,Awa,awa,0
65,Awerika,awerika,0
66,Awerika,awerika,0
67,Awharika,afarika,0
68,Awherika,aferika,0
69,Awhirika,afirika,0
70,Awiniona,awiniona,0
71,Awirika,awirika,0
72,Britania,britania,0
73,Britannia,britannia,0
74,Ehetaerona,ehetaerona,0
75,Ehipa,ehipa,0
76,Enera,enera,0
77,Enora,enora,0
78,Epairame,epairame,0
79,Epeha,epeha,0
80,Eperaima,eperaima,0
81,Epereama,epereama,0
82,Erekoma,erekoma,0
83,Erena,erena,0
84,ErenaPota,erenapota,0
85,Erepe,erepe,0
86,Erinipara,erinipara,0
87,Eruhi,eruhi,0
88,Etiopia,etiopia,0
89,Etipara,etipara,0
90,Ewana,ewana,0
91,HOTeni,hoteni,0
92,HaakuPei,haakupei,0
93,Haata,haata,0
94,Hahihi,hahihi,0
95,Haikoho,haikoho,0
96,Haina,haina,0
97,Hairona,hairona,0
98,Hakahia,hakahia,0
99,Hakipere,hakipere,0
100,Hakoni,hakoni,0
101,HakuPei,hakupei,0
102,Halona,halona,0
103,Hamani,hamani,0
104,Hamatara,hamatara,0
105,Hamene,hamene,0
106,Hamoa,hamoa,0
107,Hamurana,hamurana,0
108,Hamutana,hamutana,0
109,HanaKirira,hanakirira,0
110,HanaPanahiko,hanapanahiko,0
111,HanareteoHokianga,hanareteohokiaŋa,0
112,HanareteoKororareka,hanareteokororareka,0
113,HanareteoRotorua,hanareteorotorua,0
114,HanareteoTauranga,hanareteotauraŋa,0
115,HanareteoWaimate,hanareteowaimate,0
116,HanataPitapaka,hanatapitapaka,0
117,HanaTomingo,hanatomiŋo,0
118,Hangahai,haŋahai,0
119,Hangai,haŋai,0
120,HangaKanga,haŋakaŋa,0
121,Hangari,haŋari,0
122,Hainihama,hainihama,0
123,Hapana,hapana,0
124,Hapataporo,hapataporo,0
125,Hararihi,hararihi,0
126,Harehi,harehi,0
127,Harihi,harihi,0
128,Hata,hata,0
129,Hatapara,hatapara,0
130,Hatarina,hatarina,0
131,HataWhe,hatafe,0
132,Hatinia,hatinia,0
133,Hatipere,hatipere,0
134,Hawa,hawa,0
135,Hawai,hawai,0
136,Hawha,hafa,0
137,Hawheraka,haferaka,0
138,Heahi,heahi,0
139,Heamani,heamani,0
140,Heamita,heamita,0
141,Heamona,heamona,0
142,Heamona,heamona,0
143,Heheriri,heheriri,0
144,Heheriwa,heheriwa,0
145,Hehetinga,hehetiŋa,0
146,Hehita,hehita,0
147,Heirana,heirana,0
148,Heirona,heirona,0
149,Henowa,henowa,0
150,Hepere,hepere,0
151,Herehe,herehe,0
152,Heremani,heremani,0
153,Heremone,heremone,0
154,Herepe,herepe,0
155,Hereriri,hereriri,0
156,Herona,herona,0
157,Hewa,hewa,0
158,Heweini,heweini,0
159,Hiena,hiena,0
160,Hiharia,hiharia,0
161,Hihiria,hihiria,0
162,Himarika,himarika,0
163,Hinaara,hinaara,0
164,Hinekara,hinekara,0
165,Hingetana,hiŋetana,0
166,Hini,hini,0
167,Hinutani,hinutani,0
168,Hiparata,hiparata,0
169,HiplUia,hipluia,0
170,Hipatia,hipatia,0
171,Hipatipora,hipatipora,0
172,Hipone,hipone,0
173,Hiri,hiri,0
174,Hiria,hiria,0
175,Hirihira,hirihira,0
176,Hirini,hirini,0
177,Hiripi,hiripi,0
178,Hiritaone,hiritaone,0
179,Hironga,hiroŋa,0
180,Hiruharama,hiruharama,0
181,Hiruharama,hiruharama,0
182,Hispania,hispania,0
183,Hitia,hitia,0
184,Hokene,hokene,0
185,Hokipere,hokipere,0
186,Hokotia,hokotia,0
187,Honitana,honitana,0
188,Honoruru,honoruru,0
189,Hopataone,hopataone,0
190,Hopataune,hopataune,0
191,HopeTaone,hopetaone,0
192,Horana,horana,0
193,Horana,horana,0
194,Horia,horia,0
195,Horono,horono,0
196,HotereniTaone,hoterenitaone,0
197,Hororenehe,hororenehe,0
198,Humara,humara,0
199,Hungaria,huŋaria,0
200,Hunkari,hunkari,0
201,Hurariona,hurariona,0
202,Huria,huria,0
203,Huwaki,huwaki,0
204,laponoa,laponoa,0
205,Igarani,igarani,0
206,IhiKeepa,ihikeepa,0
207,Ihikepa,ihikepa,0
208,Ihipa,ihipa,0
209,Ihipiti,ihipiti,0
210,Ikamana,ikamana,0
211,Ikamanu,ikamanu,0
212,Ikaria,ikaria,0
213,Ingarangi,iŋaraŋi,0
214,Ingarani,iŋarani,0
215,Ingland,iŋland,0
216,Inia,inia,0
217,IniakiteHauauru,iniakitehauauru,0
218,Inia-ki-te-ra-to,iniakiterato,0
219,Iniana,iniana,0
220,Iniatana,iniatana,0
221,Iniria,iniria,0
222,Initia,initia,0
223,loka,loka,0
224,loropi,loropi,0
225,Iparaiho,iparaiho,0
226,Irawara,irawara,0
227,Irawari,irawari,0
228,Irekoma,irekoma,0
229,Irene,irene,0
230,Iruharama,iruharama,0
231,Itali,itali,0
232,Itari,itari,0
233,lurope,lurope,0
234,luropi,luropi,0
235,Kaiperu,kaiperu,0
236,Kairo,kairo,0
237,Kalia,kalia,0
238,Kamarana,kamarana,0
239,Kamera,kamera,0
240,Kamera,kamera,0
241,Kamerino,kamerino,0
242,Kanaana,kanaana,0
243,Kanapoa,kanapoa,0
244,Kanahi,kanahi,0
245,Kanata,kanata,0
246,Kanatepere,kanatepere,0
247,Kanatinopara,kanatinopara,0
248,Kanatinopera,kanatinopera,0
249,Kanawara,kanawara,0
250,KanereAirana,kanereairana,0
251,Kanihi,kanihi,0
252,Kapare,kapare,0
253,Kaparokia,kaparokia,0
254,KapePeretona,kapeperetona,0
255,Kapunga,kapuŋa,0
256,Karaera,karaera,0
257,Karaewa,karaewa,0
258,Karahiko,karahiko,0
259,Karaihitiati,karaihitiati,0
260,Karaimia,karaimia,0
261,Karairi,karairi,0
262,Karaiteati,karaiteati,0
263,Karaitiana,karaitiana,0
264,Karaitiata,karaitiata,0
265,Karaitiati,karaitiati,0
266,KaraitiHahi,karaitihahi,0
267,Karaitihata,karaitihata,0
268,Karaitihati,karaitihati,0
269,Karaiwa,karaiwa,0
270,Karaiwi,karaiwi,0
271,Karakata,karakata,0
272,Karako,karako,0
273,Karakuta,karakuta,0
274,Karamera,karamera,0
275,Karamere,karamere,0
276,Karanatai,karanatai,0
277,Karaponia,karaponia,0
278,KararuPe,kararupe,0
279,Karatia,karatia,0
280,Karatihati,karatihati,0
281,Kareo,kareo,0
282,Kareponia,kareponia,0
283,Karetoina,karetoina,0
284,Karia,karia,0
285,Karihi,karihi,0
286,Karihia,karihia,0
287,Kariki,kariki,0
288,Kariri,kariri,0
289,Kariti,kariti,0
290,Kartako,kartako,0
291,Kataihi,kataihi,0
292,Katake,katake,0
293,Katake,katake,0
294,Katana,katana,0
295,Katapere,katapere,0
296,Katapere,katapere,0
297,Kataperi,kataperi,0
298,Katarana,katarana,0
299,Katarangi,kataraŋi,0
300,Katerangi,kateraŋi,0
301,Katirangi,katiraŋi,0
302,Kautorona,kautorona,0
303,Kefero,kefero,0
304,KeipaKuruHope,keipakuruhope,0
305,Kemareti,kemareti,0
306,Kemureti,kemureti,0
307,Kenareta,kenareta,0
308,Keneri,keneri,0
309,KepaKuruHopa,kepakuruhopa,0
310,Kepataone,kepataone,0
311,KepeKuruHopa,kepekuruhopa,0
312,KepeKuruHope,kepekuruhope,0
313,KepeToma,kepetoma,0
314,KepeParamaha,kepeparamaha,0
315,Kera,kera,0
316,KereamaTaone,kereamataone,0
317,Kerehi,kerehi,0
318,KereiTaone,kereitaone,0
319,Kerekitata,kerekitata,0
320,Keremauta,keremauta,0
321,Kerokihira,kerokihira,0
322,Keta,keta,0
323,Kihipana,kihipana,0
324,Kihipene,kihipene,0
325,KingiWiremuTaone,kiŋiwiremutaone,0
326,Kini,kini,0
327,KiniPariu,kinipariu,0
328,Kirihi,kirihi,0
329,Kiripoa,kiripoa,0
330,Kiuama,kiuama,0
331,Koane,koane,0
332,Konipara,konipara,0
333,Konoko,konoko,0
334,Konotanahe,konotanahe,0
335,Konotatinopore,konotatinopore,0
336,Konstantainopela,konstantainopela,0
337,Konstantainopoli,konstantainopoli,0
338,Korohe,korohe,0
339,Korokota,korokota,0
340,Koronatata,koronatata,0
341,Koroniti,koroniti,0
342,Kotarana,kotarana,0
343,Kotenepara,kotenepara,0
344,Koterangi,koteraŋi,0
345,Koteringi,koteriŋi,0
346,Kotirana,kotirana,0
347,Kotirani,kotirani,0
348,Kotorana,kotorana,0
349,Kotorani,kotorani,0
350,Kuama,kuama,0
351,Kuiniwhenua,kuinifenua,0
352,Kupa,kupa,0
353,Kuperitino,kuperitino,0
354,Kuporo,kuporo,0
355,Kurubi,kurubi,0
356,Kuruhaka,kuruhaka,0
357,Libia,libia,0
358,Maata,maata,0
359,Maharata,maharata,0
360,Mahiria,mahiria,0
361,Mahitene,mahitene,0
362,Maira,maira,0
363,Makaha,makaha,0
364,Makawhiri,makafiri,0
365,Makeronia,makeronia,0
366,Mamora,mamora,0
367,Mana,mana,0
368,Manea,manea,0
369,Maniheha,maniheha,0
370,Manira,manira,0
371,Maniria,maniria,0
372,Marapana,marapana,0
373,Marata,marata,0
374,Marekana,marekana,0
375,Marekena,marekena,0
376,Mariao,mariao,0
377,Marikahika,marikahika,0
378,Marikena,marikena,0
379,Marita,marita,0
380,Maritia,maritia,0
381,Mata,mata,0
382,Matakahaka,matakahaka,0
383,Matakahika,matakahika,0
384,Mataraha,mataraha,0
385,Matarahi,matarahi,0
386,Matarita,matarita,0
387,Matariti,matariti,0
388,MateneTaone,matenetaone,0
389,Matiara,matiara,0
390,Mauritiu,mauritiu,0
391,Mehiko,mehiko,0
392,Mehina,mehina,0
393,Mehopotamia,mehopotamia,0
394,Meka,meka,0
395,Mekehiko,mekehiko,0
396,Mekiro,mekiro,0
397,Meranihia,meranihia,0
398,Mereka,mereka,0
399,Merepana,merepana,0
400,Merepena,merepena,0
401,Merepona,merepona,0
402,Mereponi,mereponi,0
403,Meretereniana,meretereniana,0
404,Merika,merika,0
405,Merika,merika,0
406,Merikana,merikana,0
407,MerikaateIngarihi,merikaateiŋarihi,0
408,Merikena,merikena,0
409,Meripone,meripone,0
410,Meriponi,meriponi,0
411,Meritareniana,meritareniana,0
412,Meritireniana,meritireniana,0
413,Meromo,meromo,0
414,Merutu,merutu,0
415,Metetereniuma,metetereniuma,0
416,Metirana,metirana,0
417,Metitereniana,metitereniana,0
418,Mihea,mihea,0
419,Mihireiama,mihireiama,0
420,Mihitere,mihitere,0
421,Milano,milano,0
422,Miratiriwhite,miratirifite,0
423,Mirinitoropa,mirinitoropa,0
424,Miroma,miroma,0
425,MoatanaPe,moatanape,0
426,Morako,morako,0
427,Moramine,moramine,0
428,Morewia,morewia,0
429,MotuNawhaka,motunafaka,0
430,MotuPitikeana,motupitikeana,0
431,Naero,naero,0
432,Nahareta,nahareta,0
433,Naihi,naihi,0
434,Naika,naika,0
435,Naina,naina,0
436,Naira,naira,0
437,Nairi,nairi,0
438,Napatirai,napatirai,0
439,Napieri,napieri,0
440,Napiterai,napiterai,0
441,Napitirai,napitirai,0
442,NawhakaAirani,nafakaairani,0
443,Nawhakairangi,nafakairaŋi,0
444,Nawhaki,nafaki,0
445,Neapori,neapori,0
446,Nepara,nepara,0
447,Nepaura,nepaura,0
448,Nepia,nepia,0
449,Nepiere,nepiere,0
450,Nihe,nihe,0
451,Nihee,nihee,0
452,Nihia,nihia,0
453,Nihipe,nihipe,0
454,Nikomedia,nikomedia,0
455,Nikomiria,nikomiria,0
456,Ninewa,ninewa,0
457,Ningipo,niŋipo,0
458,Niniwa,niniwa,0
459,NiuHeperiti,niuheperiti,0
460,NiuHorana,niuhorana,0
461,Niukahera,niukahera,0
462,Niukahere,niukahere,0
463,Niukahio,niukahio,0
464,NiuKaretonia,niukaretonia,0
465,NiuKuinea,niukuinea,0
466,NiuParemata,niuparemata,0
467,NiuPerepora,niuperepora,0
468,NiuTirani,niutirani,0
469,NiuTirene,niutirene,0
470,Niu-Tirene,niutirene,0
471,NiuTireni,niutireni,0
472,NiwZiland,niwziland,0
473,Niwa,niwa,0
474,Nomanapi,nomanapi,0
475,Noamani,noamani,0
476,Nomani,nomani,0
477,Nopokairani,nopokairani,0
478,Nopoki,nopoki,0
479,NotaAmerika,notaamerika,0
480,Notaweta-Marikena,notawetamarikena,0
481,Notona,notona,0
482,NowaKotia,nowakotia,0
483,Nowei,nowei,0
484,NowhaKotia,nofakotia,0
485,Nuheperati,nuheperati,0
486,Nuikahio,nuikahio,0
487,NuiParemata,nuiparemata,0
488,NuiPereha,nuipereha,0
489,NuiPerepori,nuiperepori,0
490,NuiTereni,nuitereni,0
491,NuiTirani,nuitirani,0
492,NuiTireni,nuitireni,0
493,Nuitirene,nuitirene,0
494,Nuitireni,nuitireni,0
495,NuiTirini,nuitirini,0
496,Nukahera,nukahera,0
497,Nukatera,nukatera,0
498,NuParemata,nuparemata,0
499,NuTirani,nutirani,0
500,NuTirene,nutirene,0
501,NuTireni,nutireni,0
502,Nutirani,nutirani,0
503,Nutirene,nutirene,0
504,Nutireni,nutireni,0
505,Oheania,oheania,0
506,Oheanika,oheanika,0
507,Ohepene,ohepene,0
508,Okihari,okihari,0
509,Okiwhara,okifara,0
510,opetaone,opetaone,0
511,Oripi,oripi,0
512,Oriwa,oriwa,0
513,Orope,orope,0
514,Oropi,oropi,0
515,Otakou,otakou,0
516,Oteheiti,oteheiti,0
517,Otiaiti,otiaiti,0
518,Pahana,pahana,0
519,Pahi,pahi,0
520,Pahia,pahia,0
521,Pairo,pairo,0
522,Pakingama,pakiŋama,0
523,Pakirara,pakirara,0
524,Pakura,pakura,0
525,Pamahuna,pamahuna,0
526,Pamapuria,pamapuria,0
527,Pamingama,pamiŋama,0
528,Paniera,paniera,0
529,Paniora,paniora,0
530,Paonea,paonea,0
531,PapatiPei,papatipei,0
532,Papeiti,papeiti,0
533,Papiete,papiete,0
534,Papurona,papurona,0
535,Papurona,papurona,0
536,Papuronia,papuronia,0
537,Parahira,parahira,0
538,Parakarawa,parakarawa,0
539,Parake,parake,0
540,Parakipota-ki-te-Maine,parakipotakitemaine,0
541,Paramata,paramata,0
542,Paranahi,paranahi,0
543,Paranarama,paranarama,0
544,Parane,parane,0
545,Parani,parani,0
546,Paranihi,paranihi,0
547,Paratika,paratika,0
548,Pare,pare,0
549,Paretaina,paretaina,0
550,Paretina,paretina,0
551,Paretini,paretini,0
552,Pari,pari,0
553,Parihi,parihi,0
554,Parini,parini,0
555,Paritaina,paritaina,0
556,Paritiana,paritiana,0
557,Parupehaia,parupehaia,0
558,Patamo,patamo,0
559,Patewhia,patefia,0
560,Patewia,patewia,0
561,Patimo,patimo,0
562,Patino,patino,0
563,Patua,patua,0
564,Patukara,patukara,0
565,Pauene,pauene,0
566,Peaneo,peaneo,0
567,Pearini,pearini,0
568,Peina,peina,0
569,PeioPereti,peiopereti,0
570,PeioPureti,peiopureti,0
571,Pemeroki,pemeroki,0
572,Penare,penare,0
573,Pene,pene,0
574,Penekaara,penekaara,0
575,Penekara,penekara,0
576,Pengakara,peŋakara,0
577,Peowairangi,peowairaŋi,0
578,PeoWhairangi,peofairaŋi,0
579,Pera,pera,0
580,PerePoraka,pereporaka,0
581,Pereraua,pereraua,0
582,Periama,periama,0
583,Perihia,perihia,0
584,Perini,perini,0
585,Peru,peru,0
586,Petane,petane,0
587,Petani,petani,0
588,PetenaKirini,petenakirini,0
589,Petera,petera,0
590,Peterehema,peterehema,0
591,Peterika,peterika,0
592,Pewhairangi,pefairaŋi,0
593,Pikiparia,pikiparia,0
594,Pinihia,pinihia,0
595,Pirihipene,pirihipene,0
596,Pirimouta,pirimouta,0
597,Piringikiwata,piriŋikiwata,0
598,PirinihiEruera,pirinihieruera,0
599,Piripopoli,piripopoli,0
600,Piritana,piritana,0
601,Piritanga,piritaŋa,0
602,Piritani,piritani,0
603,Piritene,piritene,0
604,PiriteneNui,piritenenui,0
605,Piriteni,piriteni,0
606,PiriteniNui,piriteninui,0
607,Piritone,piritone,0
608,Pitapaka,pitapaka,0
609,Piti,piti,0
610,Pitikeana,pitikeana,0
611,Pitinia,pitinia,0
612,Pitiroi,pitiroi,0
613,Pitiroi,pitiroi,0
614,Piupoata,piupoata,0
615,PoHakene,pohakene,0
616,Poahakena,poahakena,0
617,Poaneo,poaneo,0
618,PoatiKanitaina,poatikanitaina,0
619,Poatukera,poatukera,0
620,Pohakena,pohakena,0
621,Pohemia,pohemia,0
622,Pohena,pohena,0
623,PoHeripi,poheripi,0
624,Pohiriuma,pohiriuma,0
625,Poiahakena,poiahakena,0
626,PoiAnawuru,poianawuru,0
627,Poihakena,poihakena,0
628,PoiHakena,poihakena,0
629,PoiHakene,poihakene,0
630,PoiHiripi,poihiripi,0
631,Poipiripi,poipiripi,0
632,Pokupa,pokupa,0
633,Pomapei,pomapei,0
634,Pomopei,pomopei,0
635,Poneke,poneke,0
636,Ponio,ponio,0
637,Pope,pope,0
638,Pora,pora,0
639,Porana,porana,0
640,Poranihia,poranihia,0
641,Porapora,porapora,0
642,Porere,porere,0
643,PortJakson,portjakson,0
644,PotaHea,potahea,0
645,PotaMare,potamare,0
646,PotaRitiwhi,potaritifi,0
647,Potariwi,potariwi,0
648,PotiKupa,potikupa,0
649,Potimaute,potimaute,0
650,PotiRiwi,potiriwi,0
651,Potukara,potukara,0
652,Potukari,potukari,0
653,PotuWharaihi,potufaraihi,0
654,Pouhakena,pouhakena,0
655,Pouhakene,pouhakene,0
656,Powhata,pofata,0
657,Powhatu,pofatu,0
658,Puanama,puanama,0
659,Pukarehi,pukarehi,0
660,Pukareti,pukareti,0
661,PukeArapata,pukearapata,0
662,Puke-paraki,pukeparaki,0
663,Pungaupa,puŋaupa,0
664,Pura,pura,0
665,Puruhia,puruhia,0
666,Purukari,purukari,0
667,Putuna,putuna,0
668,Rahetone,rahetone,0
669,RaIhapera,raihapera,0
670,Raina,raina,0
671,Rakahia,rakahia,0
672,Rakanau,rakanau,0
673,Rakarana,rakarana,0
674,Ranana,ranana,0
675,Rangitone,raŋitone,0
676,Raparana,raparana,0
677,Raparini,raparini,0
678,Ratihipona,ratihipona,0
679,Rehini,rehini,0
680,Renemaka,renemaka,0
681,Repanona,repanona,0
682,Reri,reri,0
683,Rewapuru,rewapuru,0
684,Riha,riha,0
685,Rihena,rihena,0
686,Riheta,riheta,0
687,Riheta,riheta,0
688,Rihipene,rihipene,0
689,Rihipona,rihipona,0
690,Rima,rima,0
691,Ringori,riŋori,0
692,Riona,riona,0
693,Rione,rione,0
694,Riria,riria,0
695,Rititina,rititina,0
696,Rititona,rititona,0
697,Riwapuru,riwapuru,0
698,Riwipura,riwipura,0
699,Roha,roha,0
700,Roma,roma,0
701,Romari,romari,0
702,Romopoka,romopoka,0
703,Rona,rona,0
704,Ronahetana,ronahetana,0
705,Ronehetana,ronehetana,0
706,Rooma,rooma,0
707,Roterama,roterama,0
708,Rotoni,rotoni,0
709,Rouati,rouati,0
710,Ruhia,ruhia,0
711,Ruiha,ruiha,0
712,Samurna,samurna,0
713,Serapi,serapi,0
714,Sona,sona,0
715,Tahaiti,tahaiti,0
716,Tahamenia,tahamenia,0
717,Tahimania,tahimania,0
718,Tahimenia,tahimenia,0
719,Tahina,tahina,0
720,Tahiti,tahiti,0
721,Taibera,taibera,0
722,Taikirihi,taikirihi,0
723,Taikiriti,taikiriti,0
724,Taina,taina,0
725,Taipera,taipera,0
726,Taipere,taipere,0
727,Taiperia,taiperia,0
728,Taipiria,taipiria,0
729,Taira,taira,0
730,Takasta,takasta,0
731,Takei,takei,0
732,Takirihi,takirihi,0
733,Tamahi,tamahi,0
734,Tamakuha,tamakuha,0
735,Tamania,tamania,0
736,Tanaitini,tanaitini,0
737,Tanehia,tanehia,0
738,Tanemaka,tanemaka,0
739,Tanitana,tanitana,0
740,Tanite,tanite,0
741,Tanitini,tanitini,0
742,Taniwaka,taniwaka,0
743,Taparini,taparini,0
744,Tapirana,tapirana,0
745,Tapirini,tapirini,0
746,Tarahu,tarahu,0
747,Tarakona,tarakona,0
748,Taratari,taratari,0
749,Tatanera,tatanera,0
750,Teharonika,teharonika,0
751,Teirataone,teirataone,0
752,Tenamaki,tenamaki,0
753,Tenemaka,tenemaka,0
754,Tenemaki,tenemaki,0
755,Tepoa,tepoa,0
756,Tepoa,tepoa,0
757,"TePoti,Napier",tepotinapier,0
758,Terehi,terehi,0
759,Terehi,terehi,0
760,Terenete,terenete,0
761,Terewhi,terefi,0
762,Terieta,terieta,0
763,Tetini,tetini,0
764,Tewanapoata,tewanapoata,0
765,Tiamana,tiamana,0
766,Tiamari,tiamari,0
767,Tieni,tieni,0
768,Tikatana,tikatana,0
769,Tikiriha,tikiriha,0
770,Timoa,timoa,0
771,Tinaharima,tinaharima,0
772,Tiratewere,tiratewere,0
773,Tiratiraira,tiratiraira,0
774,Tireni,tireni,0
775,Tirkene,tirkene,0
776,TiriKingi,tirikiŋi,0
777,Tomingo,tomiŋo,0
778,Torena,torena,0
779,Toriniti,toriniti,0
780,Toroha,toroha,0
781,TuhoraPe,tuhorape,0
782,Tuponai,tuponai,0
783,Turini,turini,0
784,Turino,turino,0
785,Turona,turona,0
786,Turure,turure,0
787,Uparati,uparati,0
788,Uparatia,uparatia,0
789,Upatoria,upatoria,0
790,Upurati,upurati,0
791,Ura,ura,0
792,Uropi,uropi,0
793,Utika,utika,0
794,Wahaa,wahaa,0
795,Wahitone,wahitone,0
796,Waiti,waiti,0
797,Wanahi,wanahi,0
798,WanaTiemana,wanatiemana,0
799,WanaTimana,wanatimana,0
800,WapuWiniata,wapuwiniata,0
801,Wara,wara,0
802,Warakia,warakia,0
803,Waraparaiho,waraparaiho,0
804,Warapareiho,warapareiho,0
805,Warenehe,warenehe,0
806,Wehipota,wehipota,0
807,Weira,weira,0
808,Weiri,weiri,0
809,Weiti,weiti,0
810,Wela,wela,0
811,Wenihi,wenihi,0
812,Wera,wera,0
813,Werengitana,wereŋitana,0
814,Werengitanga,wereŋitaŋa,0
815,Weretana,weretana,0
816,Weretona,weretona,0
817,Weretoni,weretoni,0
818,Weri,weri,0
819,Weritana,weritana,0
820,Weta-Iniri,wetainiri,0
821,Wetere,wetere,0
822,Wiena,wiena,0
823,Wikitoria,wikitoria,0
824,Wina,wina,0
825,WiniataPia,winiatapia,0
826,Winiha,winiha,0
827,Winiha,winiha,0
828,Wiranowa,wiranowa,0
829,Wireni,wireni,0
830,Witana,witana,0
831,Witemupara,witemupara,0
832,Witeni,witeni,0
833,Witirana,witirana,0
834,Wi-Wi,wiwi,0
835,Wiwi,wiwi,0
836,Woromi,woromi,0
837,Wurutoka,wurutoka,0
838,Whaiti,faiti,0
839,Whihi,fihi,0
840,Whiti,fiti,0
841,Yakaru,yakaru,0
842,Yuropi,yuropi,0
843,Yuropi,yuropi,0
844,Abysinnia,ɐbɪsɪniə,1
845,Ireland,aɪələnd,1
846,Africa,afɹɪkə,1
847,Africa,afɹɪkə,1
848,Asia,eɪʃə,1
849,Asia  Minor,eɪʃəmaɪnə,1
850,Asia  Minor,eɪʃəmaɪnə,1
851,Asia  Minor,eɪʃəmaɪnə,1
852,Assyria,ɐsɪɹiə,1
853,Ireland,aɪələnd,1
854,Iceland,aɪslənd,1
855,Ireland,aɪələnd,1
856,Ireland,aɪələnd,1
857,Ireland,aɪələnd,1
858,Acre,eɪkə,1
859,Auckland,ɔːklənd,1
860,Alma,ɒlmə,1
861,Amsterdam,amstədam,1
862,Armenia,ɑːmiːniə,1
863,America,ɐmɛɹɪkə,1
864,Armenia,ɑːmiːniə,1
865,Amoy,amɔɪ,1
866,Antioch,antiːɒk,1
867,Anglesea,aŋɡəlsiə,1
868,Gibraltar,d͡ʒɪbɹɒltə,1
869,Africa,afɹɪkə,1
870,Algoa  Bay,alɡəʊəbeɪ,1
871,Arabia,əɹeɪbiə,1
872,Ararat,aɹɐɹat,1
873,Adelaide,adəleɪd,1
874,Alexandria,alɪɡzandɹiə,1
875,Alexandra,alɪɡzandɹə,1
876,Alexandria,alɪɡzandɹiə,1
877,Alcantara,alkantɑːɹə,1
878,Alexandria,alɪɡzandɹiə,1
879,Aliens  Creek,eɪliənzkɹiːk,1
880,Arabia,əɹeɪbiə,1
881,Alexandria,alɪɡzandɹiə,1
882,Alps,alps,1
883,Armenia,ɑːmiːniə,1
884,Australia,ɒstɹeɪliə,1
885,Australia,ɒstɹeɪliə,1
886,Australia,ɒstɹeɪliə,1
887,Adelaide,adəleɪd,1
888,Australia,ɒstɹeɪliə,1
889,Austria,ɒstɹiə,1
890,Australia,ɒstɹeɪliə,1
891,Athens,aθɪnz,1
892,Athens,aθɪnz,1
893,Adelaide,adəleɪd,1
894,Australia,ɒstɹeɪliə,1
895,Athens,aθɪnz,1
896,Adelaide,adəleɪd,1
897,Adelaide,adəleɪd,1
898,Atlantic,ɐtlantɪk,1
899,Adelaide,adəleɪd,1
900,Adelaide,adəleɪd,1
901,Adelaide,adəleɪd,1
902,Adelaide,adəleɪd,1
903,Austria,ɒstɹiə,1
904,Oude,aʊd,1
905,Australia,ɒstɹeɪliə,1
906,Austria,ɒstɹiə,1
907,Autun,ɔːtʌn,1
908,Ava,ɑːvə,1
909,Africa,afɹɪkə,1
910,Africa,afɹɪkə,1
911,Africa,afɹɪkə,1
912,Africa,afɹɪkə,1
913,Africa,afɹɪkə,1
914,Avignon,avinjɒn,1
915,Africa,afɹɪkə,1
916,Britain,bɹɪtən,1
917,Britain,bɹɪtən,1
918,Esdraelon,ɛzdɹeɪlən,1
919,Egypt,iːd͡ʒɪpt,1
920,Endor,ɛndɔː,1
921,Endor,ɛndɔː,1
922,Ephraim,ɛfɹeɪm,1
923,Ephesus,ɛfɛsəs,1
924,Ephraim,ɛfɹeɪm,1
925,Ephraim,ɛfɹeɪm,1
926,Edgecumbe,ɛd͡ʒkʌmb,1
927,Eden,iːdən,1
928,Fort  Ellen,fɔːtɛlən,1
929,Elbe,ɛlbə,1
930,Edinburgh,ɛdɪnbʌɹə,1
931,Eleusis,ɪluːsiz,1
932,Ethiopia,iːθɪəʊpiə,1
933,Edinburgh,ɛdɪnbʌɹə,1
934,Evans,ɛvənz,1
935,St  Denis,səntdɛniz,1
936,Hawkes  Bay,hɔːksbeɪ,1
937,Hunter,hʌntə,1
938,Jassy,d͡ʒasi,1
939,Hykshos,hɪkʃəʊz,1
940,China,t͡ʃaɪnə,1
941,Sidon,sɪdɒn,1
942,Circassia,sɜːkaʃə,1
943,Hawkesbury,hɔːksbɹi,1
944,Saxony,saksəni,1
945,Hawkes  Bay,hɔːksbeɪ,1
946,Chalons,t͡ʃalɒnz,1
947,Germany,d͡ʒɜːməni,1
948,Sumatra,suːmɑːtɹə,1
949,Germany,d͡ʒɜːməni,1
950,Samoa,saməʊə,1
951,Smyrna,smaɪənə,1
952,Hamilton,haməltən,1
953,St  Kilda,səntkɪlda,1
954,San  Francisco,sanfɹansɪskəʊ,1
955,Hundred of Hokianga,hʌndɹɪdɒvhəʊkiəŋɡə,1
956,Hundred of Kororareka,hʌndɹɪdɒvkɔːɹɔːɹeəkə,1
957,Hundred  of  Rotorua,hʌndɹɪdɒvɹəʊtɔːrjuːə,1
958,Hundred  of Tauranga,hʌndɹɪdɒvtɔːɹaŋɡə,1
959,Hundred  of  Waimate,hʌndɹɪdɒvweɪmeɪt,1
960,St  Petersburg,səntpiːtəzbɜːɡ,1
961,St  Domingo,səntdəʊmɪŋɡəʊ,1
962,Shanghai,ʃaŋhaɪ,1
963,Shanghai,ʃaŋhaɪ,1
964,Hong  Kong,hɒŋkɒŋ,1
965,Hungary,hʌŋɡəɹi,1
966,Jerningham,d͡ʒɜːnɪŋəm,1
967,Japan,d͡ʒəpan,1
968,Sebastopol,səbastəpɒl,1
969,Sardis,sɑːdiz,1
970,Sales,seɪlz,1
971,Halys,hɑːliz,1
972,Hunter,hʌntə,1
973,Strasburgh,stɹasbɜːɡ,1
974,St  Helena,sənthɛliːnə,1
975,Santa  Fe,santəfiː,1
976,Sardinia,sɑːdɪniə,1
977,Shaftesbury,ʃaftsbɹi,1
978,Java,d͡ʒɑːvə,1
979,Hawaii,həwaɪiː,1
980,Jaffa,d͡ʒafə,1
981,Havelock,heɪvlɒk,1
982,Jersey,d͡ʒɜːsi,1
983,Germany,d͡ʒɜːməni,1
984,Hermitage,hɜːmɪtɪd͡ʒ,1
985,Hermon,hɜːmən,1
986,Hermon,hɜːmən,1
987,Jezreel,d͡ʒɛzɹiːl,1
988,Jezreel,d͡ʒɛzɹiːl,1
989,Hastings,heɪstɪŋz,1
990,Chester,t͡ʃɛstə,1
991,Ireland,aɪələnd,1
992,Ceylon,seɪlɒn,1
993,Geneva,d͡ʒəniːvə,1
994,Safet,safɪt,1
995,Suez,suːɪz,1
996,Germany,d͡ʒɜːməni,1
997,Clermont,klɜːmɒnt,1
998,Celebes,sɛlɛbz,1
999,Jezreel,d͡ʒɛzɹiːl,1
1000,Ceylon,seɪlɒn,1
1001,Havre,havə,1
1002,Salveyn,salvaɪn,1
1003,Siena,siɛnə,1
1004,Caesarea,siːseəɹiə,1
1005,Sicily,sɪsɪli,1
1006,Sigmaringen,sɪɡmeəɹɪŋən,1
1007,Shinar,ʃɪnɑː,1
1008,Senegal,sɛnɛɡəl,1
1009,Singleton,sɪŋɡəltən,1
1010,Sydney,sɪdni,1
1011,Hindustan,hɪndəstɑːn,1
1012,Gibraltar,d͡ʒɪbɹɒltə,1
1013,Sebastopol,səbastəpɒl,1
1014,Bona,bəʊnə,1
1015,Chile,t͡ʃɪli,1
1016,Syria,sɪɹiə,1
1017,Selesia,sɛliːziə,1
1018,Sydney,sɪdni,1
1019,Celebes,sɛlɛbz,1
1020,Heald Town,hiːldtaʊn,1
1021,Geelong,d͡ʒiːlɒŋ,1
1022,Jerusalem,d͡ʒəɹuːsələm,1
1023,Jerusalem,d͡ʒəɹuːsələm,1
1024,Spain,speɪn,1
1025,Scythia,saɪθiə,1
1026,Hackney,hakni,1
1027,Hawkesbury,hɔːksbɹi,1
1028,Scotland,skɒtlənd,1
1029,Johnstone,d͡ʒɒnstəʊn,1
1030,Honolulu,hɒnəluːluː,1
1031,Hobart Town,həʊbɑːttaʊn,1
1032,Hobart Town,həʊbɑːttaʊn,1
1033,Hobart Town,həʊbɑːttaʊn,1
1034,Holland,hɒlənd,1
1035,Jordan,d͡ʒɔːdən,1
1036,Georgia,d͡ʒɔːd͡ʒə,1
1037,Jordan,d͡ʒɔːdən,1
1038,Shortland Town,ʃɔːtləndtaʊn,1
1039,Florence,flɒɹəns,1
1040,Sumbava,sʌmbɑːvə,1
1041,Hungary,hʌŋɡəɹi,1
1042,Hungary,hʌŋɡəɹi,1
1043,Sierra  Leone,siːeəɹəliːəʊn,1
1044,Judea,d͡ʒuːdiə,1
1045,Suwalki,suːwɔːki,1
1046,Japan,d͡ʒəpan,1
1047,England,ɪŋɡlənd,1
1048,East  Cape,iːstkeɪp,1
1049,East  Cape,iːstkeɪp,1
1050,Egypt,iːd͡ʒɪpt,1
1051,Egypt,iːd͡ʒɪpt,1
1052,Inkerman,ɪŋkɜːmən,1
1053,Inkerman,ɪŋkɜːmən,1
1054,Icaria,aɪkeəɹiə,1
1055,England,ɪŋɡlənd,1
1056,England,ɪŋɡlənd,1
1057,England,ɪŋɡlənd,1
1058,India,ɪndiə,1
1059,West  Indies,wɛstɪndiz,1
1060,West  Indies,wɛstɪndiz,1
1061,Indian,ɪndiən,1
1062,Hindustan,hɪndəstɑːn,1
1063,India,ɪndiə,1
1064,India,ɪndiə,1
1065,York,jɔːk,1
1066,Europe,jʊəɹəp,1
1067,Valparaiso,valpɐɹeɪsəʊ,1
1068,lIIawarrra,ɛlaɪaɪɐwɒɹə,1
1069,Irrawaddy,ɪɹɐwɒdi,1
1070,Edgecumbe,ɛd͡ʒkʌmb,1
1071,Eden,iːdən,1
1072,Jerusalem,d͡ʒəɹuːsələm,1
1073,Italy,ɪtəli,1
1074,Italy,ɪtəli,1
1075,Europe,jʊəɹəp,1
1076,Europe,jʊəɹəp,1
1077,Cyprus,saɪpɹəs,1
1078,Cairo,kaɪɹəʊ,1
1079,Gallia,ɡaliə,1
1080,Cumberland,kʌmbələnd,1
1081,Carmel,kɑːməl,1
1082,Carmel,kɑːməl,1
1083,Camerino,kaməɹiːnəʊ,1
1084,Canaan,kanɑːn,1
1085,Cawnpore,kɔːnpɔː,1
1086,Ganges,ɡand͡ʒɪz,1
1087,Canada,kanədə,1
1088,Canterbury,kantəbɹi,1
1089,Constantinople,kɒnstantɪnəʊpəl,1
1090,Constantinople,kɒnstantɪnəʊpəl,1
1091,Cornwall,kɔːnwɔːl,1
1092,Canary  Islands,kəneəɹiaɪləndz,1
1093,Ganges,ɡand͡ʒɪz,1
1094,Scarborough,skɑːbʌɹə,1
1095,Cappadocia,kapɐdəʊʃə,1
1096,Cape  Breton,keɪpbɹɛtən,1
1097,Kapunda,kapʌndə,1
1098,Carlyle,kɑːlaɪl,1
1099,Clive,klaɪv,1
1100,Glasgow,ɡlazɡəʊ,1
1101,Christchurch,kɹɪstt͡ʃɜːt͡ʃ,1
1102,Crimea,kɹaɪmiə,1
1103,Carlisle,kɑːlaɪəl,1
1104,Christchurch,kɹɪstt͡ʃɜːt͡ʃ,1
1105,Christchurch,kɹɪstt͡ʃɜːt͡ʃ,1
1106,Christchurch,kɹɪstt͡ʃɜːt͡ʃ,1
1107,Christchurch,kɹɪstt͡ʃɜːt͡ʃ,1
1108,Christchurch,kɹɪstt͡ʃɜːt͡ʃ,1
1109,Christchurch,kɹɪstt͡ʃɜːt͡ʃ,1
1110,Christchurch,kɹɪstt͡ʃɜːt͡ʃ,1
1111,Clive,klaɪv,1
1112,Clive,klaɪv,1
1113,Calcutta,kalkʌtə,1
1114,Cracow,kɹakaʊ,1
1115,Calcutta,kalkʌtə,1
1116,Carmel,kɑːməl,1
1117,CarmEl,kɑːmɛl,1
1118,Kalantai,kalantaɪ,1
1119,California,kalɪfɔːniə,1
1120,Cloudy  Bay,klaʊdibeɪ,1
1121,Galatia,ɡaleɪʃə,1
1122,Christchurch,kɹɪstt͡ʃɜːt͡ʃ,1
1123,Callao,kalaʊ,1
1124,California,kalɪfɔːniə,1
1125,Chalcedon,t͡ʃalsɛdən,1
1126,Caria,keəɹiə,1
1127,Calais,kaleɪ,1
1128,Greece,ɡɹiːs,1
1129,Greece,ɡɹiːs,1
1130,Galilee,ɡalɪliː,1
1131,Crete,kɹiːt,1
1132,Carthage,kɑːθɪd͡ʒ,1
1133,Carthage,kɑːθɪd͡ʒ,1
1134,Carthage,kɑːθɪd͡ʒ,1
1135,Carthage,kɑːθɪd͡ʒ,1
1136,Catania,kateɪniə,1
1137,Canterbury,kantəbɹi,1
1138,Canterbury,kantəbɹi,1
1139,Canterbury,kantəbɹi,1
1140,Scotland,skɒtlənd,1
1141,Scotland,skɒtlənd,1
1142,Scotland,skɒtlənd,1
1143,Scotland,skɒtlənd,1
1144,Cape  Horn,keɪphɔːn,1
1145,Kephro,kɛfɹəʊ,1
1146,Cape  of Good  Hope,keɪpɒvɡʊdhəʊp,1
1147,Cambridge,keɪmbɹɪd͡ʒ,1
1148,Cambridge,keɪmbɹɪd͡ʒ,1
1149,Gennesareth,d͡ʒɛnɪsɑːɹəθ,1
1150,Canaries,kəneəɹiz,1
1151,Cape  of  Good  Hope,keɪpɒvɡʊdhəʊp,1
1152,Cape  Town,keɪptaʊn,1
1153,Cape  of Good  Hope,keɪpɒvɡʊdhəʊp,1
1154,Cape  of Good  Hope,keɪpɒvɡʊdhəʊp,1
1155,Cape  of  Storms,keɪpɒvstɔːmz,1
1156,Cape  Palmas,keɪppɑːməz,1
1157,Scala,skeɪlə,1
1158,Grahams  Town,ɡɹeɪəmztaʊn,1
1159,Cressy,kɹɛsi,1
1160,Greytown,ɡɹeɪtaʊn,1
1161,Gluckstadt,ɡlʌkstat,1
1162,Greymouth,ɡɹeɪməθ,1
1163,Croixelles,kɹɔɪksɛlz,1
1164,Kent,kɛnt,1
1165,Gisborne,d͡ʒɪsbɔːn,1
1166,Gisborne,d͡ʒɪsbɔːn,1
1167,King  Williams  Town,kɪŋwɪliəmztaʊn,1
1168,Guinea,ɡɪni,1
1169,Kini  Ballu,kɪnibaluː,1
1170,Greece,ɡɹiːs,1
1171,Gilboa,ɡɪlbəʊə,1
1172,Guam,ɡwɑːm,1
1173,Scone,skəʊn,1
1174,Konigsberg,kɒnɪɡsbɜːɡ,1
1175,Congo,kɒŋɡəʊ,1
1176,Constance,kɒnstəns,1
1177,Constantinople,kɒnstantɪnəʊpəl,1
1178,Constantinople,kɒnstantɪnəʊpəl,1
1179,Constantinople,kɒnstantɪnəʊpəl,1
1180,Colosse,kəlɒs,1
1181,Golgotha,ɡəlɡɒθə,1
1182,Cronstadt,kɹɒnstat,1
1183,Corinth,kɒɹɪnθ,1
1184,Scotland,skɒtlənd,1
1185,Gothenburgh,ɡɒθənbɜːɡ,1
1186,Scotland,skɒtlənd,1
1187,Scotland,skɒtlənd,1
1188,Scotland,skɒtlənd,1
1189,Scotland,skɒtlənd,1
1190,Scotland,skɒtlənd,1
1191,Scotland,skɒtlənd,1
1192,Guam,ɡwɑːm,1
1193,Queensland,kwiːnslənd,1
1194,Cuba,kjuːbə,1
1195,Cupertino,kjuːpətiːnəʊ,1
1196,Kupros,kʌpɹəʊz,1
1197,Curubis,kjʊəɹuːbɪs,1
1198,Kreuznach ,kɹuːznak,1
1199,Libya,lɪbɪə,1
1200,Maata,mɑːtə,1
1201,Maharatta,mahɐɹatə,1
1202,Massilia,masɪliə,1
1203,Marsden,mɑːsdən,1
1204,Maida,meɪdə,1
1205,Macassar,makɐsɑː,1
1206,Macclesfield,makəlsfiːld,1
1207,Macedonia,masɪdəʊniə,1
1208,Marmora,mɑːmɔːɹə,1
1209,Smyrna,smaɪənə,1
1210,Merlav  or  Star  Island,mɜːlavɔːstɑːɹaɪlənd,1
1211,Manchester,mant͡ʃɛstə,1
1212,Manila,mɐnɪlə,1
1213,Manila,mɐnɪlə,1
1214,Martaban,mɑːtabən,1
1215,Malanta,malantə,1
1216,America,ɐmɛɹɪkə,1
1217,America,ɐmɛɹɪkə,1
1218,France,fɹans,1
1219,Madagascar,madəɡaskə,1
1220,America,ɐmɛɹɪkə,1
1221,Malta,mɒltə,1
1222,Mauritius,mɔːɹɪʃəs,1
1223,Matha,maθə,1
1224,Madagascar,madəɡaskə,1
1225,Madagascar,madəɡaskə,1
1226,Madras,mədɹɑːs,1
1227,Madras,mədɹɑːs,1
1228,Madrid,mədɹɪd,1
1229,Madrid,mədɹɪd,1
1230,Marton  Town,mɑːtəntaʊn,1
1231,Madeira,madeəɹə,1
1232,Mauritius,mɔːɹɪʃəs,1
1233,Mexico,mɛksɪkəʊ,1
1234,Messina,mɛsɪnə,1
1235,Mesopotamia,mɛsəpəteɪmiə,1
1236,Mecca,mɛkə,1
1237,Mexico,mɛksɪkəʊ,1
1238,Megiddo,mɛd͡ʒɪdəʊ,1
1239,Melanesia,mɛləniːziə,1
1240,America,ɐmɛɹɪkə,1
1241,Melbourne,mɛlbɔːn,1
1242,Melbourne,mɛlbɔːn,1
1243,Melbourne,mɛlbɔːn,1
1244,Melbourne,mɛlbɔːn,1
1245,Mediterranean,mɛdɪtɛɹeɪnaŋ,1
1246,America,ɐmɛɹɪka,1
1247,Mexico ,mɛksɪkəʊ,1
1248,America ,ɐmɛɹɪkəɹ,1
1249,Canada ,kanədəɹ,1
1250,America ,ɐmɛɹɪkəɹ,1
1251,Melbourne,mɛlbɔːn,1
1252,Melbourne,mɛlbɔːn,1
1253,Mediterranean,mɛdɪtɛɹeɪnan,1
1254,Mediterranean,mɛdɪtɛɹeɪnan,1
1255,Merom,mɛɹɒm,1
1256,Merut,mɛɹət,1
1257,Mediterranean,mɛdɪtɛɹeɪnan,1
1258,Maitland,meɪtlənd,1
1259,Mediterranean,mɛdɪtɛɹeɪnan,1
1260,Mesr,mɛsə,1
1261,Misraim,mɪsɹeɪm,1
1262,Mystery ,mɪstəɹi,1
1263,Milan,mɪlaŋ,1
1264,Middledrift,mɪdəldɹɪft,1
1265,Milnthorpe,mɪlnθɔːp,1
1266,Merom ,mɛɹɒm,1
1267,Moreton  Bay,mɔːtənbeɪ,1
1268,Morocco ,məɹɒkəʊ,1
1269,Moulmein ,məʊlmiːn,1
1270,Moravia ,mɔːɹeɪviəɹ,1
1271,Norfolk  Island ,nɔːfəkaɪlənd,1
1272,Pitcairn Island,pɪtkeənaɪlənd,1
1273,Nile,naɪl,1
1274,Nazareth,nazəɹəθ,1
1275,Nicma,nɪkmə,1
1276,Niger,naɪd͡ʒə,1
1277,Nain,neɪn,1
1278,Nile,naɪl,1
1279,Nile,naɪl,1
1280,Naphtali,naftɑːli,1
1281,Napier,neɪpiə,1
1282,Naphtali,naftɑːli,1
1283,Naphtali,naftɑːli,1
1284,Norfolk  Island,nɔːfəkaɪlənd,1
1285,Norfolk  Island,nɔːfəkaɪlənd,1
1286,Norfolk,nɔːfək,1
1287,Naples,neɪpəlz,1
1288,Naples,neɪpəlz,1
1289,Nepal,nɛpɔːl,1
1290,Napier,neɪpiə,1
1291,Napier,neɪpiə,1
1292,NicCBa,nɪksiːbiːeɪ,1
1293,NicCBa,nɪksiːbiːeɪ,1
1294,Nicaea,nɪkiə,1
1295,Nisibis,nɪzɪbɪs,1
1296,Nicomedia,nɪkəmiːdiə,1
1297,Nicomedia,nɪkəmiːdiə,1
1298,Nineveh,nɪnɪvə,1
1299,Ningpo,nɪŋpəʊ,1
1300,Nineveh,nɪnɪvə,1
1301,New  Hebrides,njuːhɛbɹədiːz,1
1302,New  Holland,njuːhɒlənd,1
1303,Newcastle,njuːkasəl,1
1304,Newcastle,njuːkasəl,1
1305,Newcastle,njuːkasəl,1
1306,New  Caledonia,njuːkalɪdəʊniə,1
1307,New  Guinea,njuːɡɪni,1
1308,New  Plymouth,njuːplɪməθ,1
1309,New  Bedford,njuːbɛdfəd,1
1310,New  Zealand,njuːziːlənd,1
1311,New  Zealand,njuːziːlənd,1
1312,New  Zealand,njuːziːlənd,1
1313,New  Zealand,njuːziːlənd,1
1314,New  Zealand,njuːziːlənd,1
1315,Neva,nɛvə,1
1316,Normanby,nɔːmanbi,1
1317,Normandy,nɔːməndi,1
1318,Normandy,nɔːməndi,1
1319,Norfolk  Island,nɔːfəkaɪlənd,1
1320,Norfolk,nɔːfək,1
1321,North  America,nɔːθɐmɛɹɪkə,1
1322,Northwest  America,nɔːθwɛstɐmɛɹɪkə,1
1323,Norton,nɔːtən,1
1324,Nova  Scotia,nəʊvəskəʊʃə,1
1325,Norway,nɔːweɪ,1
1326,Nova  Scotia,nəʊvəskəʊʃə,1
1327,New  Hebrides,njuːhɛbɹədiːz,1
1328,Newcastle,njuːkasəl,1
1329,New  Plymouth,njuːplɪməθ,1
1330,New  Bedford,njuːbɛdfəd,1
1331,New  Bedford,njuːbɛdfəd,1
1332,New  Zealand,njuːziːlənd,1
1333,New  Zealand,njuːziːlənd,1
1334,New  Zealand,njuːziːlənd,1
1335,New  Zealand,njuːziːlənd,1
1336,New  Zealand,njuːziːlənd,1
1337,New  Zealand,njuːziːlənd,1
1338,Newcastle,njuːkasəl,1
1339,Newcastle,njuːkasəl,1
1340,New  Plymouth,njuːplɪməθ,1
1341,New  Zealand,njuːziːlənd,1
1342,New  Zealand,njuːziːlənd,1
1343,New  Zealand,njuːziːlənd,1
1344,New  Zealand,njuːziːlənd,1
1345,New  Zealand,njuːziːlənd,1
1346,New  Zealand,njuːziːlənd,1
1347,Oceania ,əʊʃɪɑːniəɹ,1
1348,Oceanica ,əʊʃɪanɪkəɹ,1
1349,Osborne,ɒsbɔːn,1
1350,Oxford,ɒksfɔːd,1
1351,Oxford,ɒksfɔːd,1
1352,Hobart  Town,həʊbɑːttaʊŋ,1
1353,Europe ,jʊəɹəp,1
1354,Olives,ɒlɪvɛs,1
1355,Europe ,jʊəɹəp,1
1356,Europe ,jʊəɹəp,1
1357,Otago,ɒtɐɡɒ,1
1358,Tahiti ,tahiːti,1
1359,Tahiti,tahiːti,1
1360,Bashan,baʃən,1
1361,Pazzi,pazi,1
1362,Persia,pɜːʒə,1
1363,Philo,fiːləʊ,1
1364,Buckingham,bʌkɪŋəm,1
1365,Baghdad,baɡdad,1
1366,San  Facundo,sanfakʌndəʊ,1
1367,Bomarsund,bɒmɑːsʌnd,1
1368,Pamphylia,pamfɪliə,1
1369,Birmingham,bɜːmɪŋəm,1
1370,Spain,speɪn,1
1371,Spain,speɪn,1
1372,Borneo,bɔːnɪəʊ,1
1373,Poverty  Bay,pɒvətibeɪ,1
1374,Papeete,papiːt,1
1375,Papeete,papiːt,1
1376,Babylon,babɪlən,1
1377,Babylon,babɪlən,1
1378,Babylonia,babɪləʊniə,1
1379,Brazil,bɹɐzɪl,1
1380,Balaclava,balɐklɑːvə,1
1381,Paraguay,paɹəɡwaɪ,1
1382,Frankfort-on-the-Maine,fɹaŋkfɔːtɒnðəmeɪn,1
1383,Parramatta,paɹɐmatə,1
1384,France,fɹans,1
1385,Padan-aram,padənaɹam,1
1386,France,fɹans,1
1387,France,fɹans,1
1388,France,fɹans,1
1389,Baltic,bɒltɪk,1
1390,Bally,bɔːli,1
1391,Palesti ne,peɪlstiniː,1
1392,Palestine,paləstaɪn,1
1393,Palestine,paləstaɪn,1
1394,Paris,paɹɪs,1
1395,Paris,paɹɪs,1
1396,Berlin,bɜːlɪn,1
1397,Palestine,paləstaɪn,1
1398,Brighton,bɹaɪtən,1
1399,Dumfrieshire,dʌmfɹiʃə,1
1400,Patmos,patməʊz,1
1401,Batavia,bateɪviə,1
1402,Batavia,bateɪviə,1
1403,Patmos,patməʊz,1
1404,Patino,patiːnəʊ,1
1405,Padua,padjuːə,1
1406,Portugal,pɔːt͡ʃəɡəl,1
1407,Bowen,bəʊɪn,1
1408,Borneo,bɔːnɪəʊ,1
1409,Berlin,bɜːlɪn,1
1410,Spain,speɪn,1
1411,Bay of Plenty,beɪɒvplɛnti,1
1412,Bay of Plenty,beɪɒvplɛnti,1
1413,Pembroke,pɛmbɹəʊk,1
1414,Benares,bɛneəz,1
1415,Spain,speɪn,1
1416,Bengal,bɛŋɡɔːl,1
1417,Bengal,bɛŋɡɔːl,1
1418,Bengal,bɛŋɡɔːl,1
1419,Bay of Islands,beɪɒvaɪləndz,1
1420,Bay of Islands,beɪɒvaɪləndz,1
1421,Pella,pɛlə,1
1422,Bell Block,bɛlblɒk,1
1423,Breslau,bɹɛslaʊ,1
1424,Belgium,bɛld͡ʒəm,1
1425,Persia,pɜːʒə,1
1426,Berlin,bɜːlɪn,1
1427,Peru,pəɹuː,1
1428,Bethany,bɛθəni,1
1429,Bethany,bɛθəni,1
1430,Bethnal Green,bɛθnəlɡɹiːn,1
1431,Petra,pɛtɹə,1
1432,Bethlehem,bɛθlɛhəm,1
1433,Petrikaw,pɛtɹɪkɔː,1
1434,Bay of Islands,beɪɒvaɪləndz,1
1435,Great Barrier,ɡɹeɪtbaɹiə,1
1436,Phoenicia,fəʊnɪʃə,1
1437,Brisbane,bɹɪsbən,1
1438,Plymouth,plɪməθ,1
1439,Blinkwater,blɪŋkwɔːtə,1
1440,Prince  Edward,pɹɪnsɛdwəd,1
1441,Philippopolis,fɪlɪpɒpəliz,1
1442,Britain,bɹɪtən,1
1443,Feilding,feɪldɪŋ,1
1444,Britain,bɹɪtən,1
1445,Britain,bɹɪtən,1
1446,Great  Britain,ɡɹeɪtbɹɪtən,1
1447,Britain,bɹɪtən,1
1448,Great  Britain,ɡɹeɪtbɹɪtən,1
1449,Britain,bɹɪtən,1
1450,Petersburg,piːtəzbɜːɡ,1
1451,Fiji,fiːd͡ʒi,1
1452,Pitcairn,pɪtkeən,1
1453,Bithynia,bɪθɪniə,1
1454,Fitzroy,fɪtsɹɔɪ,1
1455,Fitzroy,fɪtsɹɔɪ,1
1456,Beaufort,bəʊfɔːt,1
1457,Port  Jackson,pɔːtd͡ʒaksən,1
1458,Port  Jackson,pɔːtd͡ʒaksən,1
1459,Borneo,bɔːnɪəʊ,1
1460,Fort  Constantine,fɔːtkɒnstantiːn,1
1461,Portugal,pɔːt͡ʃəɡəl,1
1462,Port  Jackson,pɔːtd͡ʒaksən,1
1463,Bohemia,bəʊhiːmiə,1
1464,Posen,pəʊzən,1
1465,Port  Philip,pɔːtfɪlɪp,1
1466,Posidium,pəsɪdiəm,1
1467,Port  Jackson,pɔːtd͡ʒaksən,1
1468,Point  Underwood,pɔɪntʌndəwʊd,1
1469,Port  Jackson,pɔːtd͡ʒaksən,1
1470,Port  Jackson,pɔːtd͡ʒaksən,1
1471,Port  Jackson,pɔːtd͡ʒaksən,1
1472,Port  Philip,pɔːtfɪlɪp,1
1473,Port  Philip,pɔːtfɪlɪp,1
1474,Port  Cooper,pɔːtkuːpə,1
1475,Bombay,bɒmbeɪ,1
1476,Bombay,bɒmbeɪ,1
1477,Port  Nicholson,pɔːtnɪkəlsən,1
1478,Borneo,bɔːnɪəʊ,1
1479,Pompey,pɒmpi,1
1480,Paula,pɔːlə,1
1481,Poland,pəʊlənd,1
1482,Polynesia,pɒlɪniːziə,1
1483,Bora-Bora,bɔːɹəbɔːɹə,1
1484,Flores,flɔːɹɪz,1
1485,Port  Jackson,pɔːtd͡ʒaksən,1
1486,Fort  Hare,fɔːtheə,1
1487,Fort  Murray,fɔːtmʌɹeɪ,1
1488,Fort  ,fɔːt,1
1489,Port  Levy,pɔːtlɛvi,1
1490,Port  Cooper,pɔːtkuːpə,1
1491,Portsmouth,pɔːtsməθ,1
1492,Port  Levy,pɔːtlɛvi,1
1493,Portugal,pɔːt͡ʃəɡəl,1
1494,Portugal,pɔːt͡ʃəɡəl,1
1495,Fort  Fordyce,fɔːtfɔːdaɪs,1
1496,Port  Jackson,pɔːtd͡ʒaksən,1
1497,Port  Jackson,pɔːtd͡ʒaksən,1
1498,Beaufort,bəʊfɔːt,1
1499,Beaufort,bəʊfɔːt,1
1500,Burnham,bɜːnəm,1
1501,Bucharest,buːkɐɹɛst,1
1502,Bucharest,buːkɐɹɛst,1
1503,Mt  Albert,ɛmtiːalbət,1
1504,Barrack  Hill,baɹəkhɪl,1
1505,Punjab,pʌnd͡ʒɑːb,1
1506,Buller,bʊlə,1
1507,Prussia,pɹʌʃə,1
1508,Bulgaria,bʌlɡeəɹiə,1
1509,Futuna,fjuːtuːnə,1
1510,Launceston,lɔːnsɛstən,1
1511,La  Isabella,laɪseɪbɛlə,1
1512,Rhine,ɹaɪn,1
1513,Lancashire,laŋkəʃə,1
1514,Lucknow ,lʌknaʊ,1
1515,Raglan,ɹaɡlən,1
1516,London,lʌndən,1
1517,Laughton,laftən,1
1518,Lapland,laplənd,1
1519,Lublin,lʌblɪn,1
1520,Ratisbon,ɹatɪsbən,1
1521,Reims,ɹaɪmz,1
1522,Denmark,dɛnmɑːk,1
1523,Lebanon,lɛbənɒn,1
1524,Lellis,lɛliz,1
1525,Liverpool,lɪvəpuːl,1
1526,Lissa,lɪsə,1
1527,Gnesen,nɛsən,1
1528,Leicester,lɛstə,1
1529,Leicester,lɛstə,1
1530,Lisbon,lɪsbən,1
1531,Lisbon,lɪsbən,1
1532,Lima,liːmɐ,1
1533,Liguori,lɪɡjuːɔːɹi,1
1534,Lyon,laɪɒn,1
1535,Lyon,laɪɒn,1
1536,Lydia,lɪdiə,1
1537,Lyttelton,lɪtɛltən,1
1538,Lyttelton,lɪtɛltən,1
1539,Liverpool,lɪvəpuːl,1
1540,Liverpool,lɪvəpuːl,1
1541,Ross,ɹɒs,1
1542,Rome,ɹəʊm,1
1543,Lombardy,lɒmbədi,1
1544,Lombok,lɒmbɒk,1
1545,Rhone,ɹəʊn,1
1546,Launceston,lɔːnsɛstən,1
1547,Launceston ,lɔːnsɛstən,1
1548,Rome,ɹəʊm,1
1549,Rotterdam,ɹɒtədam,1
1550,Rodney,ɹɒdni,1
1551,Lourdes,lɜːdz,1
1552,Russia,ɹʌʃə,1
1553,Russia,ɹʌʃə,1
1554,Smyrna,smaɪənə,1
1555,Serapis,sɛɹapiz,1
1556,Saone,seɪɒn,1
1557,Tahiti,tahiːti,1
1558,Tasmania,tazmeɪniə,1
1559,Tasmania,tazmeɪniə,1
1560,Tasmania,tazmeɪniə,1
1561,China,t͡ʃaɪnə,1
1562,Tahiti,tahiːti,1
1563,Tiber,taɪbə,1
1564,Tigris,taɪɡɹɪs,1
1565,Tigris,taɪɡɹɪs,1
1566,China,t͡ʃaɪnə,1
1567,Tiber,taɪbə,1
1568,Tiber,taɪbə,1
1569,Tiberias,taɪbiəɹɪəz,1
1570,Tiberias,taɪbiəɹɪəz,1
1571,Tyre,taɪə,1
1572,Thagaste,θaɡast,1
1573,Turkey,tɜːki,1
1574,Tigris,taɪɡɹɪs,1
1575,Thames,tɛmz,1
1576,Damascus,dɐmaskəs,1
1577,Tasmania,tazmeɪniə,1
1578,Dunedin,dʌnɪdɪn,1
1579,Tangiers,taŋɡiəz,1
1580,Denmark,dɛnmɑːk,1
1581,Dunedin,dʌnɪdɪn,1
1582,Danzic,danzɪk,1
1583,Dunedin,dʌnɪdɪn,1
1584,Danube,danjuːb,1
1585,Dublin,dʌblɪn,1
1586,Dublin,dʌblɪn,1
1587,Dublin,dʌblɪn,1
1588,Tarsus,tɑːsəs,1
1589,Tarragona,taɹɐɡənə,1
1590,Tartarus,tɑːtɑːɹəs,1
1591,Dardanelles,dɑːdeɪnɛlz,1
1592,Thessalonica,θɛsɐlɒnɪkə,1
1593,Taylor  Town,teɪlətaʊn,1
1594,Denmark,dɛnmɑːk,1
1595,Denmark,dɛnmɑːk,1
1596,Denmark,dɛnmɑːk,1
1597,Tabor,tabə,1
1598,Tabor,tabə,1
1599,Port  Ahuriri,pɔːtahjʊəɹiəɹi,1
1600,Delhi,dɛli,1
1601,Thrace,θɹeɪs,1
1602,Trent,tɹɛnt,1
1603,Delphi,dɛlfaɪ,1
1604,Trieste,tɹaɪst,1
1605,tettin,tɛtɪn,1
1606,Devonport,dɛvənpɔːt,1
1607,Germany,d͡ʒɜːməni,1
1608,Germany,d͡ʒɜːməni,1
1609,Thienna,θɪɛnə,1
1610,Yucatan,juːkatən,1
1611,Tigris,taɪɡɹɪs,1
1612,Timor,tiːmɔː,1
1613,Tenasserim,tɛnɐsəɹɪm,1
1614,Trastevere,tɹastiːviə,1
1615,Trastilerina,tɹastaɪləɹiːnə,1
1616,Zealand,ziːlənd,1
1617,Dillegen,dɪlɛd͡ʒən,1
1618,Three  Kings,θɹiːkɪŋz,1
1619,Domingo,dəʊmɪŋɡəʊ,1
1620,Torrens,tɒɹənz,1
1621,Tolentino,təʊləntiːnəʊ,1
1622,Toulouse,tuːluːz,1
1623,Twofold  Bay,tuːfəʊldbeɪ,1
1624,Tubonai,tjuːbənaɪ,1
1625,Turin,tjəɹɪn,1
1626,Turin,tjəɹɪn,1
1627,Toulon,tuːlɒn,1
1628,Drury,dɹʌɹi,1
1629,Euphrates,juːfɹeɪtiːz,1
1630,Euphrates,juːfɹeɪtiːz,1
1631,Eupatoria  e,juːpɐtɔːɹiəɹiː,1
1632,Euphrates,juːfɹeɪtiːz,1
1633,Oude,aʊd,1
1634,Europe,jʊəɹəp,1
1635,Utica,juːtɪkə,1
1636,Warsaw,wɔːsɔː,1
1637,Washington,wɒʃɪŋtən,1
1638,Wight,waɪt,1
1639,Swansea,swɒnsiː,1
1640,Van  Oeimens,vanəʊaɪmɛnz,1
1641,Van  Oeimens,vanəʊaɪmɛnz,1
1642,Wynyard  Pier,wɪnjɑːdpiə,1
1643,Wales,weɪlz,1
1644,Wallachia,wɒleɪʃə,1
1645,Valparaiso,valpɐɹeɪsəʊ,1
1646,Valparaiso,valpɐɹeɪsəʊ,1
1647,Valence,veɪləns,1
1648,Westport,wɛstpɔːt,1
1649,Wales,weɪlz,1
1650,Wales,weɪlz,1
1651,Wade,weɪd,1
1652,Wales,weɪlz,1
1653,Venice,vɛnɪs,1
1654,Wales,weɪlz,1
1655,Wellington,wɛlɪŋtən,1
1656,Wellington,wɛlɪŋtən,1
1657,Wellington,wɛlɪŋtən,1
1658,Wellington,wɛlɪŋtən,1
1659,Wellington,wɛlɪŋtən,1
1660,Wales,weɪlz,1
1661,Wellington,wɛlɪŋtən,1
1662,West  Indies,wɛstɪndiz,1
1663,Wesley,wɛsli,1
1664,Vienna,vɪɛnə,1
1665,Victoria,vɪktɔːɹiə,1
1666,Vienna,vɪɛnə,1
1667,Wynyard  Pier,wɪnjɑːdpiə,1
1668,Vienna,vɪɛnə,1
1669,Windsor,wɪndsə,1
1670,Villanova,vɪlɐnəʊvə,1
1671,Sweden,swiːdən,1
1672,Sweden,swiːdən,1
1673,Wittenburg,wɪtənbɜːɡ,1
1674,Sweden,swiːdən,1
1675,Switzerland,swɪtsələnd,1
1676,France,fɹans,1
1677,France,fɹans,1
1678,Wollombi,wəʊləmbaɪ,1
1679,Woodstock,wʊdstɒk,1
1680,Verde,vɜːd,1
1681,Fiji,fiːd͡ʒi,1
1682,Fiji,fiːd͡ʒi,1
1683,Yakaru,jakɑːɹuː,1
1684,Yuropi,juːɹəʊpi,1
1685,Yuropi,juːɹəʊpi,1
