mri,en,lenmri,lenen
"['PL ', '-b ', 'Z ', '> ', 'v   ']",['PLACE NAMES '],5,1
[''],['Iti '],1,1
"['Abisinia ', 'Aearana ', 'Aferika ', 'Afrika ', 'Aharoa ', 'Ahia ', 'Ahia ', 'Ahia  Maina ', 'Ahia  Minoa ', 'Ahiria ', 'Aiarana ', 'Aiherana ', 'Airana ', 'Airanga ', 'Airangi ', 'Aka ', 'Akarana ', 'Amara ', 'Amatarama ', 'Amenia ', 'Amerika ', 'Aminia ', 'Amoi ', 'Anatioka ', 'Anekerahi ', 'Aparata ', 'Aparika ', 'Arakoa  Pei ', 'Arakuiha ', 'Arapia ', 'Ararata ', 'Arareiri ', 'Arehanara ', 'Areka ', 'Arekahanaria ', 'Arekatera ', 'Arekateri ']","['Abysinnia ', 'Ireland ', 'Africa ', 'Africa ', '', 'Asia ', 'Asia  Minor ', 'Asia  Minor ', 'Asia  Minor ', 'Assyria ', 'Ireland ', 'Iceland ', 'Ireland ', 'Ireland ', 'Ireland ', 'Acre', 'Auckland', 'Alma ', 'Amsterdam', 'Armenia ', 'America ', 'Armenia ', 'Amoy', 'Antioch', 'Anglesea', 'Gibraltar ', 'Africa ', 'Algoa  Bay ', 'Arabia ', 'Ararat', 'Adelaide ', 'Alexandria', 'Alexandra', 'Alexandria', 'Alcantara', 'Alexandria']",37,36
"['Arena ', 'Arepia ', 'Arikehanara ', 'Aripa ', 'Armenia ', 'Atareia ', 'Atareira ', 'Atareiria ', 'Atareita ', 'Atareria ', 'Ataria ', 'Atariria ', 'Atena ', 'Atene ', 'Atereira ', 'Atereria ', 'Atereto ', 'Atini ', 'Atiraira ', 'Atiraire ', 'Atiraki ', 'Atireira ', 'Atireiria ', 'Atireita ', 'Atirera ', 'Atiria ', 'Aura ', 'Autereria ', 'Autiria ', 'AutunO ', 'Awa ', 'Awerika ', 'Awerika ', 'Awharika ', 'Awherika ', 'Awhirika ', 'Awiniona   ', 'Awirika ']","['Aliens  Creek', 'Arabia ', 'Alexandria', 'Alps', 'Armenia ', 'Australia ', 'Australia ', 'Australia ', 'Adelaide', 'Australia ', 'Austria ', 'Australia ', 'Athens', 'Athens', 'Adelaide', 'Australia ', 'Athens', 'Adelaide', 'Adelaide', 'Atlantic', 'Adelaide', 'Adelaide', 'Adelaide ', 'Adelaide', 'Austria ', 'Oude', 'Australia ', 'Austria ', 'Autun', 'Ava', 'Africa ', 'Africa ', 'Africa ', 'Africa ', 'Africa ', 'Avignon', 'Africa ']",38,37
"['Britania ', 'Britannia ']","['Britain ', 'Britain ']",2,2
"['Ehetaerona ', 'Ehipa ', 'Enera ', 'Enora ', 'Epairame ', 'Epeha ', 'Eperaima ', 'Epereama ', 'Erekoma ', 'Erena ', 'Erena  Pota ', 'Erepe ', 'Erinipara ', 'Eruhi ', 'Etiopia ', 'Etipara ', 'Ewana ']","['Esdraelon', 'Egypt ', 'Endor', 'Endor ', 'Ephraim', 'Ephesus', 'Ephraim', 'Ephraim', 'Edgecumbe', 'Eden', 'Fort  Ellen ', 'Elbe', 'Edinburgh', 'Eleusis', 'Ethiopia ', 'Edinburgh', 'Evans']",17,17
"['HO  Teni ', 'Haaku  Pei ', 'Haata ', 'Hahihi ', 'Haikoho ', 'Haina ', 'Hairona ', 'Hakahia ', 'Hakipere ', 'Hakoni ', 'Haku  Pei ', 'Halona ', 'Hamani ', 'Hamaria ', 'Hamatara ', 'Hamene ', 'Hamoa ', 'Hamurana ', 'Hamutana ', 'Hana  Kirira ', 'Hana  Panahiko ', 'Hanarete    Hokianga  Hundred  of Hokianga', 'Hanarete    Kororareka  Hundred  of  Kororareka']","['St  Denis', 'Hawkes  Bay', 'Hunter', 'Jassy', 'Hykshos', 'China ', 'Sidon', 'Circassia ', 'Hawkesbury', 'Saxony', 'Hawkes  Bay ', 'Chalons', 'Germany ', '', 'Sumatra', 'Germany ', 'Samoa ', 'Smyrna', 'Hamilton', 'St  Kilda', 'San  Francisco']",23,21
"['Hanarete    Rotorua ', 'Hanarete    Tauranga ', 'Hanarete    Waimate ', 'Hanata  Pitapaka ', 'Hana Tomingo ', 'Hangahai ', 'Hangai ', 'Hanga Kanga ', 'Hangari ', 'Hainihama ', 'Hapana ', 'Hapataporo ', 'Hararihi ', 'Harehi ', 'Harihi ', 'Hata ', 'Hatapara ', 'Hatarina ', 'Hata Whe ', 'Hatinia ', 'Hatipere ', 'Hawa ', 'Hawai ', 'Hawha ', 'Hawheraka ', 'Heahi ', 'Heamani ', 'Heamita ', 'Heamona', 'Heamona', 'Heheriri ', 'Heheriwa ', 'Hehetinga ', 'Hehita ', 'Heirana ', 'Heirona ', 'Henowa ', 'Hepere ', 'Herehe ', 'Heremani ', 'Heremone ', 'Herepe ', 'Hereriri ']","['Hundred  of  Rotorua', 'Hundred  of Tauranga', 'Hundred  of  Waimate', 'St  Petersburg', 'St  Domingo', 'Shanghai', 'Shanghai', 'Hong  Kong ', 'Hungary ', 'Jerningham', 'Japan ', 'Sebastopol', 'Sardis', 'Sales', 'Halys', 'Hunter', 'Strasburgh', 'St  Helena ', 'Santa  Fe', 'Sardinia', 'Shaftesbury', 'Java', 'Hawaii', 'Jaffa', 'Havelock', 'Jersey', 'Germany ', 'Hermitage ', 'Hermon', 'Hermon', 'Jezreel', 'Jezreel', 'Hastings', 'Chester', 'Ireland ', 'Ceylon ', 'Geneva', 'Safet', 'Suez', 'Germany ', 'Clermont', 'Celebes', 'Jezreel']",43,43
"['Ceylon ', 'Havre', 'Salveyn', 'Siena', 'Caesarea', 'Sicily ', 'Sigmaringen', 'Shinar', 'Senegal', 'Singleton', 'Sydney', 'Hindustan ', 'Gibraltar ', ' ', ' ', 'Sebastopol', 'Bona ', 'Chile ', 'Syria ', 'Selesia', 'Sydney', 'Celebes']","['Herona ', 'Hewa ', 'Heweini ', 'Hiena ', 'Hiharia ', 'Hihiria ', 'Himarika ', 'Hinaara ', 'Hinekara ', 'Hingetana ', 'Hini ', 'Hinutani ', 'Hiparata ', 'HiplUia ', 'Hipatia ', 'Hipatipora ', 'Hipone ', 'Hiri ', 'Hiria ', 'Hirihira ', 'Hi ri n i ', 'Hiripi ', 'Hiritaone/Hiri-taone  Heald  Town', 'Hironga ', 'Hiruharama ', 'Hiruharama ', 'Hispania ', 'H itia ', 'Hokene ', 'Hokipere ', 'Hokotia ', 'Honitana ', 'Honoruru ', 'Hopataone/Hopa  TaoneHobart  Town', 'Hopataune ', 'Hopetaone/Hope  TaoneHobart  Town', 'Horana ', 'Horana ', 'Horia ', 'Horono ', 'Hotereni  Taone ', 'Hororenehe ', 'Humara ']",22,43
"['Holland ', 'Jordan ', 'Georgia', 'Jordan ', 'Shortland  rown ', 'Florence', 'Sumbava']","['Geelong ', 'Jerusalem ', 'Jerusalem', 'Spain ', 'Scythia', 'Hackney', 'Hawkesbury', 'Scotland ', 'Johnstone', 'Honolulu']",7,10
['Hobart  Town '],"['Hungaria ', 'Hunkari ', 'Hurariona ', 'Huria ', 'Huwaki ']",1,5
"['Hungary ', 'Hungary ', 'Sierra  Leone ', 'Judea', 'Suwalki']","['laponoa ', 'Igarani ', 'Ihi  Keepa ', 'Ihikepa/lhi  Kepa ', 'Ihipa ', 'Ihipiti ', 'Ihiripene ', 'Ikamana ', 'Ikamanu ', 'Ikaria ', 'Ingarangi ', 'Ingarani ', 'Ingland ', 'Inia ', 'Inia  ki  te  Hauauru ', 'In ia-ki -te -ra-to ', 'Iniana ', 'Iniatana ', 'Iniria ', 'Initia ', 'loka ', 'loropi ', 'Iparaiho ', 'Irawara ', 'Irawari ', 'Irekoma ', 'Irene ', 'Iruharama ', 'Itali ', 'Itari ', 'lurope ', 'luropi ']",5,32
"['Japan ', 'England ', 'East  Cape ', 'East  Cape ', 'Egypt', 'Egypt ', ' ', 'Inkerman', 'Inkerman', 'Icaria', 'England ', 'England ', 'England ', 'India ', 'West  Indies ', 'West  Indies ', 'Indian', 'Hindustan ', 'India ', 'India ', 'York', 'Europe ', 'Valparaiso ', 'lIIawarrra', 'Irrawaddy', 'Edgecumbe ', 'Eden ', 'Jerusalem', 'Italy ', 'Italy ', 'Europe ', 'Europe ']","['Kahikamaruha ', 'Kaiperu ']",32,2
"[' ', 'Cyprus ']","['Kairo ', 'Kalia ', 'Kamarana ', 'Kamera ', 'Kamera ', 'Kamerino ', 'Kanaana ', 'Kanapoa ', 'Kanahi ', 'Kanata ', 'Kanatepere ', 'Kanatinewia ', 'Kanatinopara ', 'Kanatinopera ', 'Kanawara ', 'Kanere  Airana ', 'Kanihi ', 'Kapare ', 'Kaparokia ', 'Kape  Peretona ', 'Kapunga ', 'Karaera ', 'Karaewa ', 'Karahiko ', 'Karai h itiati ', 'Karaimia ', 'Karairi ', 'Karaiteati ', 'Karaitiana ', 'Karaitiata ', 'Karaitiati ', 'Karaiti  Hahi ', 'Karaitihata ', 'Karaiti hati ', 'Karaiwa ', 'Karaiwi ', 'Karakata ', 'Karako ', 'Karakuta ', 'Karamera ', 'Karamere ', 'Karanatai ', 'Karapaina ']",2,43
"['Cairo', 'Gallia', 'Cumberland', 'Carmel', 'Carmel', 'Camerino', 'Canaan', 'Cawnpore', 'Ganges', 'Canada ', 'Canterbury', ' ', 'Constantinople', 'Constantinople', 'Cornwall', 'Canary  Islands', 'Ganges', 'Scarborough ', 'Cappadocia', 'Cape  Breton', 'Kapunda', 'Carlyle', 'Clive', 'Glasgow', 'Christchurch', 'Crimea', 'Carlisle', 'Christchurch ', 'Christchurch ', 'Christchurch', 'Christchurch ', 'Christchurch', 'Christchurch', 'Christchurch', 'Clive', 'Clive', 'Calcutta', 'Cracow', 'Calcutta', 'Carmel', 'CarmEl', 'Kalantai', '']","['Karaponia ', 'Kararupe/Kararu  Pe ', 'Karatia ', 'Karatihati ', 'Kareo ', 'Kareponia ', 'Karetoina ', 'Karia ', 'Karihi ', 'Karihia ', 'Kariki ', 'Kariri ', 'Kariti ', 'Kartako ', 'Kataihi ', 'Katake ', 'Katake ', 'Katana ', 'Katapere ', 'Katapere ', 'Kataperi ', 'Katarana ', 'Katarangi ', 'Katerangi ', 'Katirangi ', 'Kautorona ', 'Kefero ', 'Keipa  Kuru  Hope ', 'Kemareti ', 'Kemureti ', 'Kenareta ', 'Keneri ', 'Kepa   Kuru  Hopa ', 'Kepataone ', 'Kepe  Kuru  Hopa ', 'Kepe   Kuru  Hope ', 'Kepe    Toma ', 'Kepe  Paramaha ', 'Kera ', 'Kereama  Taone ', 'Kerehi ', 'Kerei  Taone ', 'Kerekitata ']",43,43
"['California', 'Cloudy  Bay', 'Galatia', 'Christchurch', 'Callao', 'California', 'Chalcedon', 'Caria', 'Calais', 'Greece ', 'Greece ', 'Galilee', 'Crete', 'Carthage', 'Carthage', 'Carthage', 'Carthage', 'Catania', 'Canterbury', 'Canterbury', 'Canterbury', 'Scotland ', 'Scotland ', 'Scotland ', 'Scotland ', 'Cape  Horn ', 'Kephro', 'Cape  of Good  Hope', 'Cambridge', 'Cambridge ', 'Gennesareth ', 'Canaries', 'Cape  of  Good  Hope', 'Cape  Town', 'Cape  of Good  Hope', 'Cape  of Good  Hope', 'Cape  of  Storms', 'Cape  Palmas', 'Scala', 'Grahams  Town ', 'Crecy/Cressy', 'Greytown ', 'Gluckstadt']","['Keremauta ', 'Keritaone ', 'Kerokihira ', 'Keta ', 'Kihipana ', 'Kihipene ', 'Kingi  Wiremu  Taone ', 'Kini ', 'Kini  Pariu ', 'Kirihi ', 'Kiripoa ', 'Kiuama ', 'Koane ', 'Konipara ', 'Konoko ', 'Konotanahe ', 'Konotatinopore ', 'Konstantainopela ', 'Konstantainopoli ', 'Korohe ', 'Korokota ', 'Koronatata ', 'Koroniti ', 'Kotarana ', 'Kotenepara ', 'Koterangi ', 'Koteringi ', 'Kotirana ', 'Kotirani ', 'Kotorana ', 'Kotorani ', 'Kuama ', 'Kuiniwhenua ', 'Kukusu ', 'Kupa ', 'Kuperitino ', 'Kuporo ', 'Kurubi ', 'Kuruhaka ']",43,39
"['Greymouth', '', 'Croixelles ', 'Kent', 'Gisborne', 'Gisborne', 'King  Williams  Town ', 'Guinea ', 'Kini  Ballu', 'Greece ', 'Gilboa', 'Guam', 'Scone', 'Konigsberg', 'Congo ', 'Constance', 'Constantinople', 'Constantinople', 'Constantinople', 'Colosse', 'Golgotha', 'Cronstadt', 'Corinth', 'Scotland ', 'Gothenburgh', 'Scotland ', 'Scotland ', 'Scotland ', 'Scotland ', 'Scotland ', 'Scotland ', 'Guam', 'Queensland ', ' ', 'Cuba ', 'Cupertino', 'Kupros', 'Curubis', 'Kreuznach  ']",['Libia '],39,1
['Libya '],"['Maata ', 'Maharata ', 'Mahiria ', 'Mahitene ', 'Maira ', 'Makaha ', 'Makawhiri ', 'Makeronia ', 'Makiha ', 'Mamora ', 'Mana ', 'Manea ', 'Maniheha ', 'Manira ', 'Maniria ', 'Marapana ', 'Marata ', 'Marekana ', 'Marekena ', 'Mariao ', 'Marikahika ', 'Marikena ', 'Marita ', 'Maritia ', 'Mata ', 'Matakahaka ', 'Matakahika ', 'Mataraha ', 'Matarahi ', 'Matarita ', 'Matariti ', 'Matene Taone ', 'Matiara ', 'Mauritiu ', 'Mehiko ', 'Mehina ', 'Mehopotamia ', 'Meka ', 'Mekehiko ', 'Mekiro ', 'Meranihia ', 'Mereka ']",1,42
"['Maata', 'Maharatta', 'Massilia', 'Marsden', 'Maida', 'Macassar', 'Macclesfield', 'Macedonia ', '', 'Marmora', 'Smyrna', 'Merlav  or  Star  Island', 'Manchester', ' ', 'Manila', 'Manila', 'Martaban', 'Malanta', 'America ', 'America ', 'France ', 'Madagascar ', 'America ', 'Malta ', 'Mauritius ', 'Matha', 'Madagascar ', 'Madagascar ', 'Madras', 'Madras', 'Madrid', 'Madrid', 'Marton  Town ', 'Madeira ', 'Mauritius ', 'Mexico ', 'Messina', 'Mesopotamia', 'Mecca', 'Mexico ', 'Megiddo ', 'Melanesia ', 'America ']","['Merepana ', 'Merepena ', 'Merepona ', 'Mereponi ', 'Meretereniana ', 'Merika ', 'Merika ', 'Merikana ', 'Merika  a  te  Ingarihi ', 'Merikena ', 'Meripone ', 'Meriponi ', 'Meritareniana ', 'Meritireniana ', 'Meromo ', 'Merutu ', 'Meteria ', 'Metetereniuma ', 'Metirana ', 'Metitereniana ', 'Mihea ', 'Mihireiama ', 'Mihitere ', 'Milano ', 'Miratiriwhite ', 'Mirinitoropa ', 'Miroma ', 'Moatana  Pe ', 'Morako ', 'Moramine ', 'Morewia ', 'Motuhuta ', 'Motu  Nawhaka ', 'Motu  Pitikeana ']",43,34
"['Melbourne', 'Melbourne', 'Melbourne', 'Melbourne', 'Mediterranean', 'America', 'Mexico ', 'America ', 'Canada ', 'America ', 'Melbourne', 'Melbourne', 'Mediterranean', 'Mediterranean', 'Merom', 'Merut', ' ', 'Mediterranean', 'Maitland', 'Mediterranean', 'Mesr', 'Misraim', 'Mystery ', 'Milan', 'Middledrift', 'Milnthorpe', 'Merom ', 'Moreton  Bay', 'Morocco ', 'Moulmein ', 'Moravia ', '', 'Norfolk  Island ', 'Island ', 'Pitcairn ']","['Naero ', 'Nahareta ', 'Naihi ', 'Naika ', 'Naina ', 'Naira ', 'Nairi ']",35,7
"['Nile', 'Nazareth- ', 'Nicma', 'Niger', 'Nain ', 'Nile', 'Nile']","['Napatirai ', 'Napieri ', 'Napiterai ', 'Napitirai ', 'Nawhaka  Airani ', 'Nawhakairangi ', 'Nawhaki ', 'Neapori ', 'Nepara ', 'Nepaura ', 'Nepia ', 'Nepiere ', 'Nihe ', 'Nihee ', 'Nihia ', 'Nihipe ', 'Nikomedia ', 'Nikomiria ', 'Ninewa ', 'Ningipo ', 'Niniwa ', 'Niu  Heperiti ', 'Niu  Horana ', 'Niukahera ', 'Niukahere ', 'Niukahio ', 'Niu  Karetonia ', 'Niu  Kuinea ', 'Niu  Paremata ', 'Niu  Perepora ', 'Niu  Tirani ', 'Niu  Tirene ', 'Niu-Tirene ', 'Niu  Tireni ', 'Niw  Ziland ', 'Niwa ', 'Nomanapi ', 'Noamani ', 'Nomani ', 'Nopokairani ', 'Nopoki ', 'Nota  Amerika ', 'Notaweta-Marikena ']",7,43
"['Naphtali', 'Napier', 'Naphtali', 'Naphtali', 'Norfolk  Island ', 'Norfolk  Island ', 'Norfolk', 'Naples', 'Naples', 'Nepal', 'Napier', 'Napier', 'NicCBa', 'NicCBa', 'Nicaea', 'Nisibis', 'Nicomedia', 'Nicomedia', 'Nineveh', 'Ningpo', 'Nineveh', 'New  Hebrides ', 'New  Holland ', 'Newcastle ', 'Newcastle ', 'Newcastle', 'New  Caledonia ', 'New  Guinea ', 'New  Plymouth', 'New  Bedford', 'New  Zealand ', 'New  Zealand ', 'New  Zealand ', 'New  Zealand ', 'New  Zealand ', 'Neva', 'Normanby ', 'Normandy', 'Normandy-', 'Norfolk  Island ', 'Norfolk', 'North  America ', 'Northwest  America ']","['Notona ', 'Nowa  Kotia ', 'Nowei ', 'Nowha  Kotia ', 'Nuaka ', 'Nuheperati ', 'Nuikahio ', 'Nui  Paremata ', 'Nui  Pereha ', 'Nui  Perepori ', 'Nui  Tereni ', 'Nui  Tirani ', 'Nui  Tireni ', 'Nuitirene ', 'Nuitireni ', 'Nui  Tirini ', 'Nukahera ', 'Nukatera ', 'Nu  Paremata ', 'Nu  Tirani ', 'Nu  Tirene ', 'Nu  Tireni ', 'Nutirani ', 'Nutirene ', 'Nutireni ']",43,25
"['Oheania ', 'Oheanika ', 'Ohepene ', 'Okihari ', 'Okiwhara ', 'o petao ne ', 'Oripi ', 'Oriwa ', 'Orope ', 'Oropi ', 'Otakou ', 'Oteheiti ', 'Otiaiti ']","['Norton', 'Nova  Scotia', 'Norway ', 'Nova  Scotia', '', 'New  Hebrides ', 'Newcastle', 'New  Plymouth', 'New  Bedford', 'New  Bedford', 'New  Zealand ', 'New  Zealand ', 'New  Zealand ', 'New  Zealand ', 'New  Zealand ', 'New  Zealand ', 'Newcastle', 'Newcastle ', 'New  Plymouth', 'New  Zealand ', 'New  Zealand ', 'New  Zealand ', 'New  Zealand ', 'New  Zealand ', 'New  Zealand ']",13,25
"['Oceania ', 'Oceanica ', 'Osborne', 'Oxford', 'Oxford', 'Hobart  Town', 'Europe ', 'Olives', 'Europe ', 'Europe ', 'Otago', ' ', 'Tahiti ', 'Tahiti ']",['Pahana '],14,1
['Bashan'],"['Pahi ', 'Pahia ', 'Pairo ', 'Pakingama ', 'Pakirara ', 'Pakura ']",1,6
"['Pazzi', 'Persia ', 'Philo', 'Buckingham', 'Baghdad', 'San  Facundo', ' ', 'Bomarsund', 'Pamphylia', 'Birmingham', 'Spain ', 'Spain ', '', 'Borneo ', '', 'Poverty  Bay', 'Papeete', 'Papeete', 'Babylon ', 'Babylon', 'Babylonia', 'Brazil ', 'Balaclava', 'Paraguay ', '']","['Pamahuna ', 'Pamapuria ', 'Pamingama ', 'Paniera ', 'Paniora ', 'Panitana ', 'Paonea ', 'Paopai ', 'Papati  Pei ', 'Papeiti ', 'Papiete ', 'Papurona ', 'Papurona ', 'Papuronia ', 'Parahira ', 'Parakarawa ', 'Parake ', 'Parakimia ', 'Parakipota-ki-te-Maine  Frankfort-on-the-Maine']",25,19
"['Paramata ', 'Paranahi ', 'Paranarama ', 'Parane ', 'Parani ', 'Paranihi ', 'Paratika ', 'Pare ', 'Paretaina ', 'Paretia ', 'Paretina ', 'Paretini ', 'Pari ', 'Parihi ', 'Parini ', 'Paritaina ']","['Parramatta', 'France ', 'Padan-aram', 'France ', 'France ', 'France ', 'Baltic', 'Bally', 'Palesti ne ', 'Palestine ', 'Palestine ', 'Paris', 'Paris', 'Berlin', 'Palestine ']",16,15
"['Brighton', 'Dumfrieshire', 'Patmos', 'Batavia', 'Batavia', 'Patmos', 'Patino', 'Padua', 'Portugal ', 'Bowen', 'Borneo ', 'Berlin', 'Spain ']",['Bay  of  Plenty'],13,1
"['Bay  of  Plenty ', 'Pembroke', 'Benares', 'Spain ', 'Bengal', 'Bengal', 'Bengal', 'Bay  of  Islands']","['Paritiana ', 'Parupehaia ', 'Patamo ', 'Patewhia ', 'Patewia ', 'Patimo ', 'Patino ', 'Patua ', 'Patukara ', 'Pauene ', 'Peaneo ', 'Pearini ', 'Peina ', 'Pei    Pereti/Peiopereti ', 'Pei    Pureti ', 'Pemeroki ', 'Penare ', 'Pene ', 'Penekaara ', 'Penekara ', 'Pengakara ', 'Peowairangi ', 'Pe    Whairangi/Peowhairangi ', 'Pera ', 'Perehiri ', 'Perekama ', 'Pere  Poraka ', 'Pereraua ', 'Periama ', 'Perihia ', 'Peri ni ', 'Peru ', 'Petane ', 'Petani ', 'Petania ', 'Petena  Kirini ', 'Petera ', 'Peterehema ', 'Peterika ', 'Pewhairangi ', 'Pikiparia ', 'Pinihia ', 'Pi ri hi ']",8,43
['Bay  of  Islands'],"['Pella', 'Bell  Block', 'Breslau', 'Belgium ', 'Persia ', 'Berlin', 'Peru ', 'Bethany', 'Bethany ', 'Bethnal  Green', 'Petra', 'Bethlehem', 'Petrikaw', 'Bay  of  Islands', 'Great  Barrier', 'Phrenicia']",1,16
"['Pirihipene ', 'Pirimouta ', 'Piringikiwata ', 'Pirinihi  Eruera ', 'Piripopoli ', 'Piritana ', 'Piritanga ', 'Piritani ', 'Piritene ', 'Piritene  Nui ', 'Piriteni ', 'Piriteni  Nui ', 'Piritone ', 'Pitapaka ', 'Piti ', 'Pitikeana ', 'Pitinia ', 'Pitiroi ', 'Pitiroi ', 'Piupoata ', 'Po Hakene ', 'Poahakena ', 'Poa  Hira ', 'Poaneo ', 'Poati  Kanitaina ', 'Poatukera ', 'Pohakena ', 'Pohemia ', 'Pohena ', 'Po  Heripi/Poheripi ', 'Pohiriuma ', 'Poiahakena ', 'Poi  Anawuru ', 'Poihakena ', 'Poi  Hakena ', 'Poi  Hakene/Poihakene ', 'Poi  Hiripi ', 'Poipiripi ', 'Pokupa ', 'Pomapei ', 'Pomopei ', 'Poneke ', 'Ponio ']","['Brisbane', 'Plymouth ', 'Blinkwater', 'Prince  Edward', 'Philippopolis', 'Britain ', 'Feilding', 'Britain ', 'Britain ', 'Great  Britain ', 'Britain ', 'Great  Britain ', 'Britain ', 'Petersburg', 'Fiji ', 'Pitcairn', 'Bithynia', 'Fitzroy ', 'Fitzroy', 'Beaufort', 'Port  Jackson', 'Port  Jackson', '', 'Borneo ', 'Fort  Constantine', 'Portugal ', 'Port  Jackson ', 'Bohemia', 'Posen', 'Port  Philip', 'Posidium', 'Port  Jackson', 'Point  Underwood', 'Port  Jackson', 'Port  Jackson', 'Port  Jackson', 'Port  Philip', 'Port  Philip ', 'Port  Cooper ', 'Bombay', 'Bombay', 'Port  Nicholson', 'Borneo ']",43,43
"['Pope ', 'Pora ', 'Porana ', 'Poranihia ', 'Porapora ', 'Porere ', 'Port  Jakson ', 'Pota  Hea ', 'Pota  Mare ', 'Pota  Ritiwhi ', 'Potariwi ', 'Poti  Kupa/Potikupa ', 'Potimaute ', 'Poti  Riwi/Potiriwi ', 'Potukara ', 'Potukari ', 'Potu  Wharaihi ', 'Pouhakena ', 'Pouhakene ', 'Powhata ', 'Powhatu ', 'Puanama ', 'Pukarehi ', 'Pukareti ', 'Puke  Arapata ', 'Puke-paraki ', 'Pungaupa ', 'Pura ', 'Puruhia ', 'Purukari ', 'Putuna ']","['Pompey', 'Paula', 'Poland ', 'Polynesia ', 'Bora-Bora', 'Flores', 'Port  Jackson ', 'Fort  Hare ', 'Fort  Murray ', 'Fort   ', 'Port  Levy ', 'Port  Cooper', 'Portsmouth', 'Port  Levy ', 'Portugal ', 'Portugal ', 'Fort  Fordyce ', 'Port  Jackson', 'Port  Jackson', 'Beaufort ', 'Beaufort ', 'Burnham', 'Bucharest', 'Bucharest', 'Mt  Albert', 'Barrack  Hill', 'Punjab ', 'Buller', 'Prussia ', 'Bulgaria ', 'Futuna ']",31,31
"['Rahetone ', 'Ra  Ihapera ', 'Raiko ', 'Raina ', 'Rakahia ', 'Rakanau ', 'Rakarana ', 'Rameta ', 'Ranana ', 'Rangitone ']","['Launceston', 'La  Isabella', '', 'Rhine', 'Lancashire', 'Lucknow  ', 'Raglan', 'London', 'Laughton']",10,9
"['Raparana ', 'Raparini ', 'Ratihipona ', 'Rehini ', 'Renemaka ', 'Repanona ', 'Reri ', 'Rewapuru ', 'Riha ', 'Rihena ', 'Riheta ', 'Riheta ', 'Rihipene ', 'Rihipona ', 'Rima ', 'Ringori ', 'Riona ', 'Rione ', 'Riria ', 'Rititina ', 'Rititona ', 'Riwapuru ', 'Riwipura ', 'Roha ', 'Roma ', 'Romari ', 'Romopoka ', 'Rona ', 'Ronahetana ', 'Ronehetana ', 'Rongorana ', 'Rooma ', 'Roterama ', 'Rotoni ', 'Rouati ', 'Ruhia ', 'Ruiha ']","['Samurna ', 'Serapi ', 'Sona ']",37,3
"['Lapland ', 'Lublin', 'Ratisbon', 'Reims', 'Denmark ', 'Lebanon ', 'Lellis', 'Liverpool', 'Lissa ', 'Gnesen', 'Leicester', 'Leicester', 'Lisbon', 'Lisbon', 'Lima', 'Liguori', 'Lyon', 'Lyon ', 'Lydia', 'Lyttelton', 'Lyttelton', 'Liverpool', 'Liverpool ', 'Ross', 'Rome', 'Lombardy', 'Lombok ', 'Rhone ', 'Launceston ', 'Launceston  ', '', 'Rome ', 'Rotterdam', 'Rodney ', 'Lourdes', 'Russia ', 'Russia ']","['Smyrna', 'Serapis ', 'Saone']",37,3
"['Tahaiti ', 'Tahamenia ', 'Tahimania ', 'Tahimenia ', 'Tahina ', 'Tahiti ', 'Tahoraiti ', 'Taibera ', 'Taikirihi ', 'Taikiriti ', 'Taina ', 'Taipera ', 'Taipere ', 'Taiperia ', 'Taipiria ', 'Taira ', 'Takasta ', 'Takei ', 'Takirihi ', 'Tamahi ', 'Tamakuha ', 'Tamania ', 'Tanaitini ', 'Tanehia ', 'Tanemaka ', 'Tanitana ', 'Tanite ', 'Tanitini ', 'Taniwaka ', 'Taparini ', 'Tapirana ', 'Tapirini ', 'Tarahu ', 'Tarakona ', 'Taratari ', 'Taratera ', 'Tatanera ', 'Teharonika ', 'Teira  taone ', 'Tenamaki ', 'Tenemaka ', 'Tenemaki ']","['Tahiti ', 'Tasmania', 'Tasmania', 'Tasmania', 'China ', 'Tahiti ', '', 'Tiber', 'Tigris', 'Tigris', 'China ', 'Tiber', 'Tiber', 'Tiberias', 'Tiberias', 'Tyre', 'Thagaste', 'Turkey ', 'Tigris', 'Thames', 'Damascus', 'Tasmania', 'Dunedin', 'Tangiers', 'Denmark ', 'Dunedin', 'Danzic', 'Dunedin ', 'Danube', 'Dublin', 'Dublin', 'Dublin', 'Tarsus', 'Tarragona', 'Tartarus ', '', 'Dardanelles', 'Thessalonica ', 'Taylor  Town ', 'Denmark ', 'Denmark ', 'Denmark ']",42,42
"['Tepoa ', 'Tepoa ', 'Te  Poti,  Napier ', 'Terehi ', 'Terehi ', 'Terehi ', 'Terenete ', 'Terewhi ', 'Terieta ', 'Tetini ', 'Tewanapoata ', 'Tiamana ', 'Tiamari ', 'Tieni ', 'Tikatana ', 'Tikiriha ', 'Timoa ', 'Tinaharima ', 'Tipairi ', 'Tiratewere ', 'Tiratiraira ', 'Tireni ', 'Tirkene ', 'Tiri  Kingi/Tirikingi ', 'Tiwari ', 'Tomingo ', 'Torena ', 'Toriniti ', 'Toroha ', 'Tuhora  Pe ', 'Tunu ', 'Tuponai ', 'Turini ', 'Turino ', 'Turipona ', 'Turona ', 'Turure ']","['Tabor', 'Tabor', 'Port  Ahuriri', '', 'Delhi', 'Thrace', 'Trent', 'Delphi', 'Trieste', 'tettin', 'Devonport', 'Germany ', 'Germany ', 'Thienna', 'Yucatan', 'Tigris', 'Timor', 'Tenasserim', 'Trastevere', 'Trastilerina', 'Zealand', 'Dillegen', 'Three  Kings', '', 'Domingo', 'Torrens ', 'Tolentino', 'Toulouse', 'Twofold  Bay ', '', 'Tubonai', 'Turin', 'Turin', 'Toulon', 'Drury ']",37,35
"['Uparati ', 'Uparatia ', 'Upatoria ', 'Upurati ']","['Euphrates', 'Euphrates', 'Eupatoria  e ', 'Euphrates']",4,4
"['\x0cUra ', 'Uropi ', 'Utika ']","['Oude', 'Europe ', 'Utica']",3,3
"['Wahaa ', 'Wahitone ', 'Wahu ', 'Waiti', 'Wanahi ', 'Wan a Tiemana ', 'Wana  Timana ', 'Wapu  Winiata ', 'Wara ', 'Warakia ', 'Waraparaiho ', 'Warapareiho ', 'Warenehe ', 'Waringipata ', 'Wehipota ', 'Weira ', 'Weiri ', 'Weiti ', 'We la ', 'Wenihi ', 'Wera ', 'Werengitana ', 'Werengitanga ', 'Weretana ', 'Weretona ', 'Weretoni ', 'Weri ', 'Weritana ', 'Weta-Iniri ', 'Wetere ', 'Wiena ', 'Wikitoria ', 'Wina ', 'Winiata  Pia ', 'Winiha ', 'Winiha ', 'Wiranowa ', 'Wireni ']","['Warsaw ', 'Washington', '', 'Wight ', 'Swansea', 'Van  Oeimens ', 'Van  Oeimens', 'Wynyard  Pier', 'Wales ', 'Wallachia', 'Valparaiso ', 'Valparaiso', 'Valence', '', 'Westport', 'Wales ', 'Wales ', 'Wade ', 'Wales ', 'Venice', 'Wales ', 'Wellington', 'Wellington ', 'Wellington', 'Wellington', 'Wellington', 'Wales ', 'Wellington', 'West  Indies ', 'Wesley', 'Vienna', 'Victoria', 'Vienna ', 'Wynyard  Pier-', 'Vienna ', 'Windsor', 'Villanova', 'Sweden ']",38,38
"['Witana ', 'Witemupara ', 'Witeni ', 'Witirana ', 'Wi-Wi ', 'Wiwi ', 'Woromi ', 'Wurutoka ']",['Whaiti '],8,1
"['Whihi ', 'Whiti ']","['Yakaru ', 'Yuropi ', 'Yuropi ']",2,3
"['Sweden ', 'Wittenburg', 'Sweden ', 'Switzerland ', 'France ', 'France ', 'Wollombi', 'Woodstock']","['Verde', 'Fiji ', 'Fiji ']",8,3
"['Yandaboo', 'Europe ', 'Europe ']",['\x0cFI RSTNAMES '],3,1
"['Aata ', 'Ahaiki ', 'Ahera ', 'Aheremo ', 'Ahitaiaki ', 'Ahitaiki ', 'Ahipene ', 'Aihepene ', 'Aihipene ', 'Aka', 'Akahutu ', 'Akapita ', 'Akapito ', 'Akara ', 'Akarikora ', 'Akata ', 'Akatini ', 'Akato ', 'Akatohe ', 'Akenata ', 'Akenehi ', 'Akima ', 'Akirei ', 'Akirikora ', 'Akuhata ', 'Akuhatine ', 'Akustinu ', 'Akutiha ', 'Akutina ', 'Akutini ', 'Alarika ', 'Alexanara ', 'Amaperohi ', 'Amato ', 'Ambrosiu ', 'Ame ', 'Amerama ', 'Amerepeka ']","['Arthur ', 'Asychis ', 'Astyages ', 'Astyages ', 'Agapitus ', 'Augustus ', 'Agapitus ', 'Agapetus ', 'Agricola ', 'Agatha ', 'Augustine ', 'Agatho ', 'Agathos ', 'Agnes ', 'Agnes ', 'Achilleus ', 'Agricola ', 'Augustus ', 'Augustine ', 'Augustine ', 'Augustus ', 'Augustine ', 'Augustine ', 'Alaric ', 'Alexander ', 'Ambrose ', 'Ambrosius ']",38,27
"['\x0cAmiria ', 'Ana ', 'Anah ', 'Anahera ', 'Anakereti ', 'Anania ', 'Ananua ', 'Anaru ', 'Anatahia ', 'Anatahio ', 'Anatahiu ', 'Anatera ', 'Anatioki ', 'Anatipa ', 'Anatipi ', 'Anatonainu ', 'Anatore ', 'Anatoria ', 'Ane ', 'Anete ', 'Ani ', 'Aniheta ', 'Anohi ', 'Anthusa ', 'Aoruha  Paratia ', 'Apa  Paaha ', 'Apato ', 'Apera ', 'Aperahama ', 'Aperaniko ', 'Apereniko ', 'Apihai ', 'Aporinari ', 'Aporo ', 'Aporo ', 'Aporonia ', 'Arama ', 'Arani ', 'Arapata ', 'Arapere ', 'Arapeta ', 'Arapeta ', 'Arapeti ']","['Amelia ', 'Anne ', 'Anne ', 'Angela ', 'Anacletus ', 'Ananias ', 'Andrew ', 'Anastasia/Anastasius ', 'AnastasiusJ ', 'Anastasius ', 'Anterosl Anterus ', 'Antiochus ', 'Antoninus   ', 'Anatole ', 'Anatolia ', 'Ann ', 'Agnes ', 'Anne ', 'Anicetus ', 'Aulus  Plautius ', 'Abbas  Pacha ', 'Abdon ', 'Abel ', 'Abraham ', 'Abednego ', 'Abed nego ', 'Abishai ', 'Apollinaris ', 'Apollo', 'Apollos ', 'Apollonia ', 'Adam ', 'Alan ', 'Albert ', 'Alfred ', 'Albert ', 'Alfred ', 'Albert ']",43,38
"['\x0cArawhera ', 'Arehi ', 'Arekatera ', 'Arekati ', 'Arekihi ', 'Aremete ', 'Arena ', 'Arepata ', 'Arepohi ', 'Aretema ', 'Arihena ', 'Arihi ', 'Arikihana ', 'Arikihanara ', 'Aripana ', 'Arira ', 'Ariu ', 'Aroihi ', 'Asasiu ', 'Ata ', 'Atanahia ', 'Atanahio ', 'Atanasiu ', 'Atanatiu ', 'Atani ', 'Atareta ', 'Ataru ', 'Ateme ', 'Ateraita ', 'Aterea ', 'Atila ', 'Atiota ', 'Atireira ', 'Atiriano ', 'Atiriano ', 'Atoni ', 'Atonino ', 'Atonio ', 'Aureriana ', 'Autini ', 'Awherere ', 'Awherete ', 'Awhirera ']","['Alfred ', 'Alice ', 'Alexander ', 'Alexander ', 'Alexis/Alexius ', 'Alien ', 'Albert ', 'Alphonsus/Alfonso ', 'Arsenius ', 'Alice ', 'Alexander ', 'Alexandra ', 'Alban ', 'Arius ', 'Aloysius ', 'Arthur ', 'Athanasius ', 'Athanasius ', 'Athanasius ', 'Athanasius ', 'Antony ', 'Andrew ', 'Adam ', 'Etheldreda ', 'Andrew ', 'Atilla ', 'Adeodatus ', 'Adelaide ', 'Adrian ', 'Hadrian ', 'Anthony ', 'Antoninus ', 'Anthony ', 'Aurelian  ', 'Augustine ', 'Alfred ', 'Alfred ', 'Alfred ']",43,38
['Awiti '],['Avitus '],1,1
"['Desiu ', 'Diokletianu ', 'Dionisiu ', 'Domitiana ']","['Decius ', 'Diocletian ', 'Dionysius ', 'Domitian ']",4,4
"['Edesiu ', 'Ehapa ', 'Ehau ', 'Ehiriu ', 'Ehupere ', 'Ehurona ', 'Ekepeta ', 'Ema ', 'Emanuera ', 'Emeri ', 'Enoka ', 'Epanaina ', 'Epapara ', 'Epeha ', 'Epera ', 'Epereme ', 'Epiha ', 'Epikari ', 'Epiniha ', 'Epipoti ', 'Epitema ', 'Erahami ', 'Eraihi ', 'Eraihia ', 'Eramiha ', 'Eratuha ', 'Ereatara ', 'Erehi ', 'Erehina ', 'Erenete ', 'Erenora ', 'Ereuteri ', 'Eria ', 'Eriapa ']","['Ahab ', 'Esau ', 'Giles ', 'Jeshurun/Jeshurum ', 'Egbert ', 'Emma ', 'Emmanuel ', 'Emily ', 'Enoch ', 'Epaphras ', 'Ephraim ', '', 'Ebenezer ', 'Erasmus ', 'Elijah/Eliza ', 'Erastus ', 'Eleazar ', 'Edesius ', 'Ernest ', 'Eleanor ', 'Eleutherius, ', 'Elia ', 'Eliab ']",34,23
"['Erietara ', 'Erihapeti ', 'Erikena ', 'Erimana ', 'Eroteira ', 'Eru', 'Eruena ', 'Eruera ', 'Erueru ', 'Erueti ', 'Eruina ', 'Eruini ', 'Erumana ', 'Etaha ', 'Etemona ', 'Etereri ', 'Etuihi ', 'Eutikehe ', 'Ewarihita ', 'Ewarihite ']","['Elizabeth ', 'Erigena ', 'Edward ', 'Edwin ', 'Edward ', 'Edward ', 'Edward ', 'Edwin ', 'Edwin ', 'Edmund ', 'Esther ', 'Edmond ', 'Ethelred ', 'Hedwig ', 'Eutyches ', 'Evaristus ', 'Evaristus ']",20,17
"['F elisita ', 'Frumentiu ']","['Felicitas ', 'Frumentius ']",2,2
"['HK', 'Ha  Aruma ', 'Haeora ', 'Haha ', 'Haimona ', 'Haira ', 'Hairini ', 'Hairi  Paaha ', 'Hairuha ', 'Hakaraia ', 'Hakaria ', 'Haki ', 'Hakiaha ', 'Hakopa ', 'Hakua ', 'Hamahona ']","['Jesus  Christ ', 'Shah  Alum ', '', 'Simon ', 'Cyrene ', 'Said  Pacha ', 'Cyrus ', 'Zachariah ', 'Zachary ', 'Jack/Jacky ', 'Zacchaeus ', 'Jacob ', 'Harcourt  ', 'Samson ']",16,14
"['Hamana ', 'Hamaniko ', 'Hamaora ', 'Hamarati ', 'Hame ', 'Hami ', 'Hamihona ', 'Hamini ', 'Hamiora ', 'Hamuera ', 'Hana ', 'Hanahi ', 'Hanahona ', 'Haneti ', 'Hanga  Pahatua ', 'Hanito ', 'Hanuere ', 'Haora ', 'Hapa ', 'Hapaku ', 'Hapakuku ', 'Hapata ', 'Hapeta ', 'Hapimana ', 'Hapimano ', 'Hapini ', 'Hapiniano ', 'Hapiona ', 'Hapita ', 'Hapore ', 'Haporo ', 'Hapurona ', 'Harara ', 'Hararutu ', 'Harata ', 'Haratini ', 'Harawi ', 'Harawira ', 'Hare ', 'Hare ', 'Hariata ', 'Haromi ', 'Harona ']","['Haman ', 'Germanicus ', 'Samuel ', 'Smaragdus ', 'Sam ', 'Sammy/Sam/Samuel ', 'Samson ', 'Jermyn ', 'Samuel ', 'Samuel ', 'Anne ', 'Sanders ', 'Hanson ', 'Janet ', 'Jung  Bahadour ', 'Januarius ', 'Saul ', 'Sabbas ', 'Harpagus ', 'Habakkuk ', 'Herbert ', 'Herbert ', 'Chapman ', 'Sabinian ', 'Sabinus ', 'Sabinian ', 'Jupiter', 'Sapor ', 'Sapor ', 'Zabulon ', 'Havrit ', 'Charlotte ', 'Saladin ', 'Hadfield ', 'Charles ', 'Harry ', 'Harriet ', 'Salome ']",43,38
"['Harora ', 'Hatanira ', 'Hatawira ', 'Hatriana ', 'Haturini ', 'Haturu ', 'Heemi ', 'Hehare ', 'Hehi ', 'Hehiria ', 'Heini ', 'Heketa ', 'Hema ', 'Hema ', 'Hemaima ', 'Hemara ', 'Heme ', 'Hemenehira ', 'Hemi ', 'Hemihana ', 'Henare ', 'Henari ', 'Hene ', 'Henene ', 'Henere ', 'Heneri ', 'Heneriko ', 'Hengiha ', 'Heni ', 'Henopa ', 'Henowepa ', 'Henowewa ', 'Heokati ', 'Hepana ', 'Hepata ', 'Hepatia ', 'Hepetime  Heweru ', 'Hepetimi  Heweru ', 'Hepirini ', 'Hepora ', 'Hera ', 'Herahi ', 'Herapia ']","['Harold ', 'Hadfield ', 'Hadrian ', 'Saturninus ', 'Saturus ', 'James ', 'Jesse ', 'Cecilia ', 'Jane ', 'Hector ', 'Gemma ', 'Shem ', 'Jemima ', 'Chambers ', 'Hermenegild ', 'James ', 'Jamieson ', 'Henry ', 'Henry ', 'Jane ', 'Sennen ', 'Henry ', 'Henry ', 'Henry ', 'Jane ', 'Genevieve ', 'Genevieve ', 'Jephthae ', 'Septimius  Severus ', 'Septimius  Severus ', 'Zephyrinus ', 'Sarah ', 'Gelasius ', 'Serapion ']",43,34
"['Herapiona ', 'Herehetini ', 'Herehiu ', 'Herekura ', 'Heremaia ', 'Heremani ', 'Heremia ', 'Heremire ', 'Heremokene ', 'Herena ', 'Herepena ', 'Heretaina ', 'Heretaini ', 'Heretina ', 'Heretini ', 'Hereto ', 'Heretute ', 'Herewe ', 'Herewine ', 'Herewini ', 'Herihana ', 'Herihi ', 'Herina ', 'Herioro ', 'Herora ', 'Herui ', 'Heta ', 'Hetaraka ', 'Hetarika ', 'Hetariki ', 'Hetekia ', 'Heterepata ', 'Hewerini ', 'Hewerino ', 'Heweru ', 'Hiakita ', 'Hieroma ', 'Hieronimo ', 'Hieronimo ', 'Hiha ', 'Hihana ', 'Hihapera ', 'Hihini ']","['Serapion ', 'Celestine ', 'Sergius ', '', 'Jeremiah ', 'Germaine ', 'Jeremy/Jeremiah ', 'Helen/Helena ', 'Chephren ', 'Celestine   ', 'Celestine ', 'Celestine ', 'Celestine ', 'Gertrude ', 'Selwyn ', 'Selwyn ', 'Sergius ', 'Helen/Helena ', 'Herod ', 'Seth ', 'Shadrach ', 'Cedric ', 'Cedric ', 'Hezekiah ', 'Ethelbert ', 'Severinus ', 'Severinus ', 'Severus ', 'Hyacinth ', 'Jerome ', 'Hieronymus ', 'Jerome ', 'Caesar ', 'Hyginus ']",43,34
"['Hihinio ', 'Hihiria ', 'Hihiti ', 'Hihotere ', 'Hihotoro ', 'Hikaraia ', 'Hikiera ', 'Hikini ', 'Hikiti ', 'Hikito ', 'Himaima ', 'Himaka ', 'Himepiri ', 'Himiona ', 'Himiona ', 'Himipiri ', 'Himiporia ', 'Himiporiano ', 'Himona ', 'Hina ', 'Hinia ', 'Hiperiana ', 'Hipiriano ', 'Hipirini ', 'Hipirini ', 'Hipo', 'Hiporiano ', 'Hiporita ', 'Hiporoha ', 'Hira ', 'Hiraani ', 'Hiraha ', 'Hiraina ', 'Hiraka ', 'Hiraku ', 'Hirari ', 'Hirario ', 'Hirariona ', 'Hirarione ', 'Hiraru ', 'Hirawa ', 'Hiria', 'Hiria ']","['Sisinnius ', 'Cecilia ', 'Sixtus ', 'Sesostris ', 'Sesostris ', 'Ezekiel ', 'Hyginus ', 'SixtusJ ', 'Sixtus ', 'Jemima ', 'Symmachus ', 'Simplicius ', 'Simeon ', 'Simon ', 'Simplicius ', 'Symphorian ', 'Symphorian ', 'Simon ', 'Cinna ', 'Scindia ', 'Cyprian ', 'Cyprian ', 'Cyprian ', 'Zephyrinus ', 'SymphorianJ ', 'Symphorian ', 'Hippolytus ', 'Symphorosa ', 'Zi lIah ', '', 'J ', 'Syracuse ', 'Hilary ', 'Hilarus ', 'Hilarion ', 'Hilarion ', 'Hilarus ', 'Cecilia ', 'Celia ']",43,39
"['Hiriaka ', 'Hirihi ', 'Hirihi ', 'Hirini ', 'Hirira ', 'Hiriro ', 'Hiriwanu ', 'Hiriwe ', 'Hiriwera ', 'Hiriwere ', 'Hiriweteri ', 'Hitana ', 'Ho ', 'Hoakima ', 'Hoana ', 'Hoane ', 'Hoani ', 'Hoani  Kiriotomi ', 'Hoani  Papita ', 'Hoera ', 'Hohaia ', 'Hohapata ', 'Hohepa ', 'Hohime ', 'Hohimi ', 'Hohua ', 'Homera ', 'Hona ', 'Hona ', 'Hona ', 'Honana ', 'Honatana ', 'Hone ', 'Hone  Kawini ', 'Honetana ', 'Honete ', 'Hone  Weteri ', 'Honiana ', 'Honorata ', 'Honore ', 'Honori ', 'Honorina ', 'Honoriu ']","['Cyriacus ', 'Sergius ', 'Siricius ', 'Sidney ', 'Cyri! ', 'Cyril ', 'Sylvanus ', 'Silverius ', 'Silverius ', 'Sylvester ', 'Satan', 'Joe ', 'Joachim ', 'Joan ', 'John ', 'John ', 'John  Chrysostom ', 'John  Baptist ', 'Joel ', 'Josiah ', 'Josaphat ', 'Joseph ', 'Zozimus ', 'Zozimus ', 'Joshua ', 'Homer ', 'Joan ', 'Jonas/Jonah/Joan ', 'Jonah ', 'Jonathan ', 'John ', 'John  Calvin ', 'Jonathan ', 'John  Wesley ', 'Johnson  ', 'Honorius ', 'Honorius ', 'Honorius ']",43,38
"['Hoohua ', 'Hoone ', 'Hoori ', 'Hopa ', 'Hope ', 'Hopi ', 'Hopike ', 'Hoporona ', 'Hore ', 'Horemita ', 'Hori ', 'Horima ', 'Horomana ', 'Horomohe ', 'Horomona ', 'Horona ', 'Horopapera ', 'Horopeta ', 'Hotene ', 'Hotene ', 'Hoterene ', 'Hoteri ', 'Hoterini ', 'Hotoronene ', 'Howia ', 'Howita ', 'Huhana ', 'Hui ', 'Hunia ', 'Hupere ', 'Hupini ', 'Hupita ', 'Hura ', 'Hura ', 'Hura Makape ', 'Hurano ', 'Huri ', 'Huria ', 'Huria ', 'Huria  Hiha ', 'Huriana ', 'Huriana ', 'Huriano ']","['Joshua ', 'John ', 'George ', 'Job ', 'Job ', 'Hospitius ', 'George ', 'Hormisdas ', 'George ', 'Jorim ', 'Solomon ', 'Formosus ', 'Solomon ', 'Solon ', 'Zorobabel ', 'Faustinius ', 'Sosthenes ', 'Shortland ', 'Soter ', 'Shortland ', 'Shortland ', 'Jovian ', 'Jovita ', 'Susanna ', 'HUgh ', 'Jupiter', 'Jude ', 'Julia ', 'Judas  Maccabee ', 'Xury ', 'Julia ', 'Julius ', 'Julius  Caesar ', 'Julian ', 'Juliana ', 'Julian ']",43,36
"['Huriha ', 'Hurio ', 'Huriuha ', 'Hurumehe ', 'Hutana ', 'Hutina ', 'Hutine ', 'Hutini ', 'Hutino ', 'Hutita ']","['le he ', 'Ihaia ', 'Ihaka ', 'Ihakara ', 'Ihapera ', 'Iharaira ', 'Ihemaira ', 'Ihikiere ', 'Ihini ', 'Ihito ', 'Ihitore ', 'Ikenahio ', 'Ikinahio ', 'Iknatiu ', 'Ikupere ', 'Inatio ', 'Inoheti ', 'Inoka ', 'Iraia ', 'Irapera ', 'Irene ', 'Ireneo ', 'Irihapeti ', 'Irimana ', 'Iwa ']",10,25
"['Julius ', 'Julius ', 'Julius   ', 'Frumentius ', 'Sutton ', 'Justina ', 'Justina ', 'Justin ', 'Justin ', 'Judith ']","['Oecius ', 'Isaiah ', 'Isaac ', 'Issachar ', 'Isabella ', 'Israel ', 'Ishmael ', 'Ezekiel ', 'Hyginus ', 'Isidore ', 'Isidore ', 'Ignatius ', 'Ignatius ', 'Ignatius ', 'Ignatius ', 'Innocent ', 'Enoch ', 'Elias ', 'Isabella ', 'Irenaeus ', 'Irenaeus ', 'Elizabeth ', 'Eve ']",10,23
"['Jaganaata ', 'Jovianu ', 'Julianu ']","['Juggernaut', 'Jovianus ', 'Julianus ']",3,3
"['Kahetani ', 'Kahiano ', 'Kahimire ', 'Kahimiro ', 'Kaiakihi ', 'Kaio ', 'Kaituha ', 'Kaiu ', 'Kakaria ', 'Kaleriu ', 'Kalienu ', 'Kama ', 'Kamapaihi ', 'Kameriera ', 'Kamipaihi ', 'Kamira ', 'Kanataina ', 'Kanatiti ', 'Kanuta ', 'Kapari ', 'Kapere ', 'Kaperiera ', 'Kaperiere ', 'Kapitorina ', 'Karaipu ', 'Karaitiana ', 'Karaitiana ', 'Karana ', 'Karanama ', 'Karanema ', 'Karataku ', 'Karatakuha ', 'Karatera ', 'Karauria ', 'Karauti ', 'Karawera ', 'Kareana ', 'Karena ', 'Karepa ', 'Karerio ', 'Karihi ']","['Cajetan  ', 'Cassian ', 'Casimir ', 'Casimir ', 'Cyaxases ', 'Caius ', 'Titus ', 'Caius ', 'Galerius ', 'Gallienus ', 'Cambyses ', 'Gamaliel ', 'Cambyses ', 'Camillus ', 'Constantine ', 'Canute ', 'Gabriel ', 'Gabriel ', 'Christian ', 'Christina ', 'Caractacus ', 'Caractacus ', 'Claudius ', 'Gallienus ', 'Caleb ', 'Galerius ', 'Callistus ']",41,27
"['Karihi ', 'Karihite ', 'Karikito ', 'Karino ', 'Kariopa ', 'Kariopo ', 'Karora ', 'Kataraina ', 'Kataraine ', 'Katarina ', 'Katipa ', 'Kawana ', 'Kawhena ', 'Keene ', 'Keepa ', 'Kemara ', 'Kenehi ', 'Kenerika ', 'Kenetini ', 'Keni ', 'Kepa ', 'Kerahi ', 'Kerani ', 'Kerara ', 'Kere', 'Kereama ', 'Kereapa ', 'Kerehene ', 'Kerehetia ', 'Kerehi ', 'Kerehi ', 'Kerehoma ', 'Kerehori ', 'Kerei ', 'Kereihi ', 'Kerekore ', 'Kerekori ', 'Kerekori  Tomaturihi ', 'Keremeneta ', 'Keremenita ', 'Keremeta ', 'Keremete ', 'Kereopa ']","['Calixtus ', 'Callistus ', 'Calixtus/Callistus ', 'Catherine ', 'Katherine ', 'Catheri ne ', 'Constable ', 'Governor ', 'Kean ', 'Kemp ', 'Campbell ', 'Genseric ', 'Kemp ', 'Gelasius ', 'Clare ', 'Gregory ', 'Graham ', 'Cleophas ', 'Crescentia ', 'Celsus ', 'Grace ', 'Gregory ', 'Grey ', 'Grace ', 'Gregory ', 'Gregory ', 'Gregory  Thaumaturgus ', 'Clement ', 'Clement ', 'Clement ', 'Clement ', 'Cleophas ']",43,32
"['Kereti ', 'Kerihitina ', 'Kerihokoni ', 'Kerira ', 'Keritopa ', 'Kewene ', 'Kihi', 'Kihirini ', 'Kingi ', 'Kiopa ', 'Kipa ', 'Kirekoriu ', 'Kiri ', 'Kirihato ', 'Kirihu ', 'Kiriona ', 'Kiritina ', 'Kiritoha ', 'Kiritopa ', 'Koa ', 'Kohotatino ', 'Kome ', 'Komo ', 'Konatiu ', 'Koniria ', 'Kono ', 'Konora ', 'Konotana ', 'Konotataina ', 'Konotatina ', 'Konstantaina ', 'Konstantiu ', 'Korapere ', 'Koratika ', 'Korema ', 'Korini ', 'Korokoni ', 'Koroneri ', 'Koroniria ', 'Korotine ', 'Korotira ', 'Korotita ', 'Korotita ']","['Cletus ', 'Christina ', 'Chrysogonus ', 'Christopher ', 'Kevin ', '', 'King ', 'Cheops ', 'Kemp ', 'Gregorius ', 'Giles ', 'Chrysanthus ', 'Croesus ', 'Chr!stina ', 'Christopher ', 'Christopher ', 'Gore ', 'Constantine ', 'Cosmas ', 'Cosmas ', 'Constantius ', 'Cornelius ', 'Conon ', 'Conrad ', 'Constantine ', 'Constantine ', 'Constantine ', 'Constantius ', 'Godfrey ', 'Scholastica ', 'Colin ', 'Gorgonius ', 'Cornelius ', 'Cornelius ', 'Gordian ', 'Clotilde ', 'Clotilde ', 'Scolastica ']",43,38
"['Korowi ', 'Kotepere ', 'Koteriki ', 'Kotiere ', 'Kotiri ', 'Krisotoma ', 'Kuhi ', 'Kuini ', 'Kuki ', 'Kumiano ']","['Leonida ', 'Lisiniu ']",10,2
"['Ma', 'Maata ', 'Maehe ', 'Mahameta ', 'Maharere ', 'Mahere ', 'Mahereri ', 'Maherili ', 'Mahetoniu ', 'Mahimira ', 'Mahometa ', 'Mahomete ', 'Maiherenu ', 'Maihi ', 'Maika ', 'Maimera ', 'Maka ', 'Maka ', 'Maka  Aurelia ', 'Maka  Aureliu ', 'Maka  Aureri ', 'Maka  Aurore ', 'Makarena ', 'Makareta ', 'Makari ', 'Makarini ', 'Makario ']","['Clovis ', 'Godfrey ', 'Clotilde ', 'Chrysostom ', 'Crush ', 'Queenie ', 'Cook ']",27,7
"['Leonidas ', 'Licinius ']","['Mary ', 'Martha ', 'Marsh ', 'Mahomed ', 'Marcellus ', 'Marcellus ', 'Marcellus ', 'Marcellinus ', 'Macedonius ', 'Maximillian ', 'Mohammed ', 'Mahomet ', 'Mycerinus ', 'Marsh ', 'Micah/Mike ', 'Mark ', 'Mark ', 'Marcus  Aurelius ', 'Marcus  Aurelius ', 'Marcus  Aurelius ', 'Marcus  Aurelius ', 'Magdalene ', 'Margaret ', 'Macarius ', 'McLean ', 'Macarius ']",2,26
"['Makarita ', 'Makehe ', 'Makehe ', 'Makentiu ', 'Makereta ', 'Makimare ', 'Makimia ', 'Makimianu ', 'Makimine ', 'Makimini ', 'Makimini  Taia ', 'Makimiria ', 'Makimo ', 'Makirini ', 'Makori ', 'Mamere ', 'Mamereta ', 'Mana ', 'Mana ', 'Manahi ', 'Manarani ', 'Maneha ', 'Manehe ', 'Mani ', 'Manihera ', 'Manuera ', 'Maraea ', 'Marakai ', 'Marakaia ', 'Maraki ', 'Maramena ', 'Maranatoni ', 'Marehere ', 'Mareherino ', 'Marenu ', 'Mareriani ', 'Marerini ', 'Maretiare ', 'Maretina ', 'Maretini ', 'Maretino ', 'Maria ', 'Mariana ']","['Margaret ', 'Maxentius ', 'Marcus ', 'Maxentius ', 'Margaret ', 'Maximian ', 'Maximianus ', 'Maximin ', 'Maximin ', 'Maximin  Daia ', 'Maximilla ', 'Maximus ', 'Manners ', 'Manasses ', 'Mandane ', 'Manes ', 'Manes ', 'Maunsell ', 'Mary ', 'Malachi ', 'Marcellus ', 'Marcellinus ', 'Marcellianus ', 'Marcellinus ', 'Martialus ', 'Martina ', 'Martin ', 'Martin ', 'Mary ', 'Marian ']",43,30
"['Marino ', 'Mata ', 'Matene ', 'Matene  Ruta ', 'Matenga ', 'Matenga  Ruta ', 'Mateo ', 'Matera ', 'Matere ', 'Materonio ', 'Mati', 'Matia ', 'Matiaha ', 'Matina ', 'Matini ', 'MUinia ', 'Matirita ', 'Matiu ', 'Maturu ', 'Matutaera ', 'Matutina ', 'Mauriki ', 'Mauwiu ', 'Mehaka ', 'Mehemeta  Paaha ', 'Meihana ', 'Memine ', 'Menehira ', 'Merahipa ', 'Merahipo ', 'Merakitana ', 'Merania ', 'Mere ', 'Mereaina ', 'Mereana ', 'Merekiara ', 'Mereni ', 'Meri ', 'Meriana ', 'Meri  Ann ', 'Merito ', 'Meropa ', 'Meropiu ']","['Marinus ', 'Martha ', 'Martin ', 'Martin  Luther ', 'Marsden ', 'Martin  Luther ', 'Matthew ', 'Thomas', 'Matthias ', 'Matthias ', 'Martin ', 'Martin ', '', 'Matthew ', 'Maturus ', 'Methuselah ', 'Maurice ', 'Meshach ', 'Mehemet  Pacha ', 'Mason ', 'Mesmin', 'Melanchthon ', 'Mary ', 'Marian ', 'Melchiades ', 'Mary ', 'Mary  Ann ', 'Mary  Ann ', 'Melito ']",43,29
